"id","A","B","C","D_Matrix","D_Concept","concept","create_date"
"02ue5B","2222011100111112000022000","2000022000111002222011111","3330033333600003300066660","2000022033111003222011111","6000033000333006666033333","order","2024-05-19 16:02:25"
"02wXdR","006060600","006066666","200020002","200026066","222022002","filled_and_not_filled","2024-04-17 15:54:55"
"0DZNmX","3555351115513155111535553","6222624442246422444262226","3555353435543455343535553","6222623432246422343262226","6222626162216122616262226","other","2025-12-10 11:42:13"
"0j7rwr","444333000","333444000","000555222","333444222","000222555","top_and_bottom_2d","2024-05-20 17:31:34"
"0NMSbS","202202202","252252252","222000222","000000000","222555222","filled_and_not_filled","2026-09-28 11:50:59"
"0rC25n","0101001010000001000111111","0101001010000001111110001","0000001010000000101001110","0000001010000001111111111","0000001010000000111001010","other","2024-12-11 17:44:28"
"0S5x4s","0040004440000000222000200","0020002220000000444000400","0444004040000000202002220","0424002220000000444002420","0222002020000000404004440","top_and_bottom_2d","2024-04-26 14:51:45"
"0Zgi5T","000333220","000333000","333022202","333022002","333000000","above_and_below","2024-05-20 14:01:07"
"15a8kn","0011110000100010000111101","0033310000100010000133301","0100101001000011100000011","0133301001000011100033311","0100101001000013300000033","horizontal_and_vertical","2024-05-16 12:53:09"
"18Lr5k","300300000","000600600","003003000","003603600","000006006","other","2024-05-20 14:21:23"
"1AEzqp","1010014144141001010414104","1010010144101001010410104","0404011111004404044011111","0000000000000000000000000","0404011111000000000011111","inside_and_outside","2026-09-23 14:32:43"
"1eaGPo","0000000000216732167321673","0000000000123671236712367","0000000000731457314573145","0000000000134571345713457","0000000000713457134571345","order","2024-12-13 13:22:06"
"1Gjg7C","774747777","777777777","333434333","337474333","333333333","clean_up","2024-05-17 16:15:33"
"1MyGN6","001000300","331303333","003000100","000000000","333303133","extend_to_boundary","2026-09-25 14:41:10"
"27UyAf","1003010330100001330010000","0010300133001000013300100","0130001000010000103001030","0000000000000000000000000","0001300010000100001300013","move_to_boundary","2026-09-23 11:12:06"
"28LwJ6","330200666","200330666","100555770","200335770","100770555","order","2024-05-15 16:00:02"
"2hmBPx","0000007770277720777007770","0000007770222220777007770","0020003330033300333000200","0020003330022200333000200","0020003230032300323000200","top_and_bottom_3d","2024-05-24 13:36:35"
"2RURqd","0100000100000100000100010","0001000100010001000001000","5000500000500050000000000","0000000000500050000050005","0000000000000000000000000","other","2025-12-11 15:59:18"
"2sSXgS","070777000","070777070","000333030","000333070","030333030","complete_shape","2024-05-20 14:44:22"
"2YJlUc","0123400000000000000000000","0123412340234013401240123","5670100000000000000000000","5670167015701560156715670","5671056710567105671056710","other","2025-12-12 18:31:54"
"2ynbIz","4444422020444440022020002","4444422020444440000000000","2002044444000020002044444","0000000000000000000000000","0000044444000020002044444","same_and_different","2026-09-25 10:28:14"
"2ZfhY0","3333030000300003033000000","3333030030300303333000000","0000000000202222000222002","0000000030202322300222002","0000000000222222000222222","complete_shape","2024-04-19 14:43:33"
"33SDGg","2000044440222004400022222","2222244440222004400020000","3000055555555003333033000","0000000000000000000000000","5555533330555003300030000","order","2026-09-23 12:27:09"
"37SmmL","111001001","777007007","011010110","777017117","077070770","other","2024-05-20 14:17:37"
"3dJfja","0000001000050000000000000","0000000010000500000000000","0000000100005000000000000","0000000500001000000000000","0000000100005000000000000","other","2025-12-12 06:42:24"
"3esTQk","0000000000002020202020202","0000000000200200020222020","0003000303330000030300030","0003000303330303030303030","0000330030033003003000003","other","2024-12-13 10:25:50"
"3IxIxw","0002000020400200002000020","0002000020444200002000020","0000200002000024000200002","0000200002044024000200002","0000200002000024444200002","extend_to_boundary","2024-04-26 13:29:50"
"3lDnft","0000004404000040400404044","0000004444040040400404444","6600660006606660000000000","6600660046646660000000400","6666660006666660000000000","complete_shape","2024-04-03 17:04:07"
"3m2VvG","0500577777050057777705005","0000077777000007777700000","5005050050777775005050050","0000050050000005005000000","0000000000000007777700000","top_and_bottom_3d","2024-05-21 16:39:13"
"3qC5EW","3030311111300000030003003","3030311111000000000000000","0030303300300031111130300","0030303300000000000000000","0030303300300031111100000","above_and_below","2024-05-21 11:35:50"
"3R2GNl","6006330360600606306330030","6006060060600606006060060","3063663303606033063660306","0000000000000000000000000","6060660606606066060660606","clean_up","2026-09-25 14:28:12"
"3wEvCL","2200050050500505505555055","2202250050500505505555055","0700007000660666606666066","0702207000660666606666066","0700707007660666606666066","copy","2024-05-21 14:27:13"
"3ymnbN","155000555","155000155","434000444","000000000","434000434","tetris","2026-09-25 11:13:51"
"46OxRX","0000006660060600666000000","0000006660063600666000000","0000000666006060066600000","0000000000000000000000000","0000000666006360066600000","filled_and_not_filled","2026-09-28 12:03:33"
"48V5lm","0000000000001000000000000","0010000100111110010000100","0000000000050000000000000","0000000000000000000000000","0500005000555550500005000","extend_to_boundary","2026-09-23 13:42:57"
"49Xi4O","220020220","220220220","000606666","000000000","000666666","filled_and_not_filled","2026-09-28 11:53:18"
"4b9cPF","0005000005500000500000500","0005500005500005500055500","0007000700070077007000700","0007500700070075007055700","7777077700770077007700777","filled_and_not_filled","2024-05-21 15:30:23"
"4PqTJZ","0077070000700070000777707","0022030000300030000322203","0000777707000077000070777","0000000000000000000000000","0000322203000033000030222","horizontal_and_vertical","2026-09-28 13:27:51"
"54qBTc","3555351115513155111535553","6222624442246422444262226","3555353135513155313535553","6222623432246422343262226","6222626462246422646262226","other","2025-12-10 11:32:30"
"584EyC","0303003330000000222002020","0202002220000000333003030","0333000300000000020002220","0232002220000000333003230","0222000200000000030003330","top_and_bottom_2d","2024-05-16 12:08:58"
"5Bi4MW","0777000070077700700007770","0111000010011100100001110","0000007770070700777000000","0111007710011100177001110","0000001110010100111000000","other","2024-05-21 12:55:31"
"5CGuWy","0300003077030000300003077","0300003770030000300003770","0030700300003000030000307","0000000000000000000000000","0037000300003000030000370","move_to_boundary","2026-09-23 11:31:18"
"5h2QtH","0333003030030300333000000","0333003130031300333000000","3330030300303003030033300","0000000000000000000000000","3330031300313003130033300","filled_and_not_filled","2026-09-28 11:59:01"
"5IChb8","1000010010100101111000000","0111000000000000000000000","0000003333000030000303303","0111003333000030000303303","0000000000030000300000030","complete_shape","2024-04-26 13:23:14"
"5M4gx9","102702702","101702702","406106406","401106406","406101406","copy","2024-04-03 17:07:39"
"5NPfXh","0300000300300300300300300","0333300333300333300333300","0006000006600000600000600","0033300033600033600033600","0006600006600006600066600","filled_and_not_filled","2024-05-16 11:54:29"
"5NWWHL","501500500","510500500","555000011","000000000","555011000","move_to_boundary","2026-09-23 11:03:20"
"61frNa","004004204","004004224","500000111","000000000","500500111","extend_to_boundary","2026-09-25 14:39:49"
"657rUI","0000022200202002020022200","0000022200242002420022200","0222002020022200000000000","0000000000000000000000000","0222002420022200000000000","filled_and_not_filled","2026-09-28 12:02:17"
"65pcBz","0000000000000002222200000","5555555555555552222200000","0000000000222220000000000","5555555555555550000000000","5555555555222220000000000","above_and_below","2024-04-26 13:04:07"
"69yHy7","0303003030030305555503030","0000000000000005555500000","3003055555300303003055555","0000000000000003003000000","0000055555000000000055555","top_and_bottom_3d","2024-05-16 12:41:34"
"6eaWsD","0000005050500050505000000","0000055555500055555500000","0300030300000003030003000","0000000000000000000000000","3330030300303003030033300","complete_shape","2026-09-23 14:05:10"
"6gxcxQ","7070400040704700400040770","0000400040004700400040770","0007007704000407040704007","0000000000000000000000000","0000000004000400040704007","above_and_below","2026-09-28 12:57:13"
"6MFlSS","104000004","004001004","401000400","000000000","400100400","same_and_different","2026-09-23 14:59:45"
"6t9NbZ","5555500000330003300000000","0000000000555553300033000","0000055555000330003300000","0000055555555550003333000","0000000000555550003300033","move_to_boundary","2024-05-16 14:32:32"
"6TkCZm","6600066000360303003030030","6606666066360363003030030","7707777077770775500000000","7706677066770765500000000","7707777077770775505500000","copy","2024-05-16 11:39:57"
"6z3OzY","000030003","300030003","000050500","300050500","005050500","extend_to_boundary","2024-05-20 16:53:55"
"6ZRMJe","5000505000222220055050005","0000000000222220055050005","0505522222000005005505000","0000000000000000000000000","0000022222000005005505000","above_and_below","2026-09-28 12:47:13"
"7DG3zx","0500200000050000500005000","0500002000050000500005000","0040000400000000040700400","0000000000000000000000000","0040000400007000040000400","same_and_different","2026-09-23 15:20:28"
"7Gk5pm","0066610606016160066601001","0066600606006160066600000","6660161610666000010010100","0000000000000000000000000","6660061600666000000000000","inside_and_outside","2026-09-25 10:35:09"
"7JYOXI","0007000000005550050500555","0000000000005550057500555","7700000000555505005055550","0000000000000000000000000","0000000000555505775055550","inside_and_outside","2026-09-25 10:56:37"
"7LxJOK","5500050000000600066006660","0000000000055600566006660","5550000500060000666006666","0000000000000000000000000","0000000000065550666506666","same_and_different","2026-09-23 15:14:53"
"7P9BEc","3000300000000000000030003","0000003030000000303000000","0000004040000000404000000","0000004040000000404000000","0000000000004000000000000","other","2025-12-11 16:24:10"
"84CqTl","6060000066333336606033333","0000000000333336606033333","0360303063630036366303003","0000000000000000000000000","0360363063630030366303003","inside_and_outside","2026-09-23 14:28:50"
"88BS65","0300000000000000500000000","0300003000030000500000000","0000300000000000000000005","0000000000000000000000000","0000300003000030000300005","extend_to_boundary","2026-09-25 14:58:55"
"8dPunU","303303703","303303707","303703303","303703307","303707303","copy","2024-05-15 15:25:04"
"8Geb2q","0000400040074007470047000","0000000000070007470007000","0470007470007400000400000","0000000000000000000000000","0070007470007000000000000","inside_and_outside","2026-09-25 10:37:57"
"8HqaeS","200444404","000444424","244040044","000000000","044042044","inside_and_outside","2026-09-25 10:45:49"
"8Kzzk2","030232030","030222030","300311300","300321300","300111300","top_and_bottom_3d","2024-05-17 17:31:43"
"8NM6ow","0000007070007000707000000","0000007770077700777000000","0000006000060000666000000","0000006700060700666000000","0000006660066600666000000","complete_shape","2025-12-12 09:43:31"
"8SpAFD","0040401414104040041401404","0040400414004040041400404","6666670707070076666670070","0066600707000070066600070","6666670707070076666600000","inside_and_outside","2025-12-12 14:04:57"
"8YQuPC","1111110001103011000111111","4444440004406044000444444","1111115551153511555111111","4444445554456544555444444","4444442224426244222444444","other","2025-12-12 20:39:34"
"8ztKie","000030000","000030000","000030000","000050000","000050000","other","2026-09-23 10:06:44"
"92Hzst","000300330","333003003","044004000","000000000","400400444","complete_shape","2026-09-24 16:01:41"
"9eLsEe","4040404040440440404000400","4000404040000000404000000","0030030003030300303030003","0000000000030300303030003","0000000000000000303030003","clean_up","2024-12-12 20:28:29"
"9jW0Ky","4444000000007773000000066","0000040000470004760047630","1110000000055550000070033","0000000000000000000000000","0000050000510005130051370","order","2026-09-23 15:29:51"
"9WGaJ5","333555000","555333000","000777666","555333666","000777666","top_and_bottom_2d","2024-05-20 17:54:35"
"9ZmkbD","006000000","666006006","000000005","000000000","005005555","extend_to_boundary","2026-09-23 13:17:38"
"a44EDz","120221021","020222020","640464640","000000000","040444040","clean_up","2026-09-25 11:47:57"
"ac8DZD","1000104040005000404010001","5000504040001000404050005","0010014041005001404100100","0010014041045101404100100","0050054045001005404500500","other","2025-12-11 13:56:41"
"AcZF0H","2000002001002015002000002","2000002000002000002000002","0000700070607550700070000","7000007000007000007000007","0000700070007000700070000","above_and_below","2024-12-12 20:55:46"
"AGmxuG","0321032100210001000000000","0320132010201000100010000","0032103210321002100010000","0030103010301000100010000","0032003201320102010001000","other","2025-12-11 11:30:23"
"AKozks","0000000550005500000000000","0000000000007700077000000","0000000000550005500000000","0000000000557705577000000","0000000000000007700077000","other","2024-05-21 12:57:22"
"AMpe1Z","770006666","000006776","077006666","000000000","000000677","same_and_different","2026-09-23 16:08:49"
"aP9mhp","0050002220022200222000500","0050002520025200252000500","0005006666066660666600050","0005006566065660656600050","0005006656066560665600050","top_and_bottom_3d","2024-05-24 13:33:58"
"Aps86y","0660644444060000066060006","0000044444060000066060006","0060660006060004444400660","0000000000000000000000000","0000000000000004444400660","above_and_below","2026-09-28 12:45:09"
"aqyUpQ","0020000000000400040400040","0000000000000400042400040","0000700400040400040000000","0000000000000000000000000","0000000400047400040000000","inside_and_outside","2026-09-28 13:40:00"
"ASC71K","2202224442040402444222022","2202220002000002000222022","1101113331033301333111011","1101110001003001000111011","1101110001000001000111011","other","2024-12-12 18:09:46"
"asfCRt","0000000100014104444400000","0030000100014104444400000","0000044444014100010000000","0030044444014100010000000","0000044444014100010000300","above_and_below","2025-12-11 16:11:15"
"AtowQA","050550050","050555050","040404040","040405040","040444040","complete_shape","2024-05-15 15:21:46"
"awyoao","1000100000000000000010001","5000500000000000000050005","1000100000000000000010001","5000500000000000000050005","5000500000000000000050005","copy","2025-12-11 16:19:08"
"AZMe75","222300550","300550222","110444600","310550222","600110444","order","2024-05-07 14:48:48"
"aZrCA3","5050505050505050202020202","2020202020202020505050505","5111551515555555454554445","5444554545555555151551115","2444224242222222121221112","other","2025-12-12 20:34:12"
"B9RN18","2211122111221112222222222","2210022100221112222222222","5566655666666666666666666","5560055600666666666666666","0566655666666666666666666","above_and_below","2025-12-12 11:38:02"
"Ba5G9G","0070066666707076666600700","0070066666000006666600700","6067067607606006760760670","0000000000000000000000000","6067060607606006060760670","inside_and_outside","2026-09-23 14:38:41"
"bEdsTK","0000000000000000000000000","0000000000000000000000000","0000000000000000000000000","0000000000000000000000000","0000000000000000000000000","above_and_below","2024-12-10 18:00:00"
"BGWJeI","202102202","202101202","106606606","106601606","101606606","copy","2024-05-20 15:22:58"
"bJJUNm","0222002000022200002002220","0666006000066600006006660","0020002020200020202000200","0666006020266620206006660","0060006060600060606000600","other","2024-05-18 11:59:16"
"bkinYj","0460040060500760570007500","0054075004570060076000600","0040004040032301230021000","0003000303004141214021200","2100012340032040034000000","other","2024-12-10 18:24:44"
"bmJdC5","0000001110000100001000010","3333330003333032230352303","0101001110000000000000000","3333331113333032230352303","3030330003333332222255555","filled_and_not_filled","2025-12-11 15:35:46"
"Br7Wb4","3000000000000000000600000","3666600006000060000600000","0000060000000000000000300","0000000000000000000000000","0000060000600006000066300","extend_to_boundary","2026-09-25 14:50:13"
"bt78zN","0000000000000000100000000","0100001000010001111101000","0000000000000700000000000","0100001000010701011101000","0007000070777770007000070","extend_to_boundary","2024-05-21 14:56:41"
"btNhEm","7777700000066000660000000","0000000000777770660006600","0000077777000660006600000","0000000000777770006606600","0000000000777770006600066","move_to_boundary","2024-05-22 11:05:07"
"bYhaoo","200000110","000000112","002000101","000000000","000000121","same_and_different","2026-09-23 14:55:35"
"BZpbEp","2202200000000000000022022","2202200000000000000000000","1101111011000001101111011","1101111011000001101100000","1101111011000000000000000","top_and_bottom_2d","2024-05-13 13:13:21"
"c1t5r9","5000550005000005000550005","5000550005000000000000000","6606666066000006606666066","6606666066000000606006060","6606666066000000000000000","top_and_bottom_2d","2024-05-21 16:25:51"
"c4p2xh","0001101000010010000111101","0006605000050050000566605","0000111101000001011110000","0000000000000000000000000","0000566605000005066650000","horizontal_and_vertical","2026-09-28 13:29:52"
"cjmyv3","0000000000004440000444444","0000000000440004000000000","0033300303003030030300000","0033300303443034030300000","0000000000000000000000333","complete_shape","2025-12-12 14:48:48"
"ckjZ81","707007222","000000222","077222000","070220000","000222000","above_and_below","2024-05-15 12:39:41"
"cKv0AJ","6666500550666650500066656","6666600000666660000066666","7570750705757077075750707","7570650005757067675750767","7070770707707077070770707","clean_up","2024-05-21 12:33:34"
"CMvtAo","0202020202020202020202020","1202121212021202121212021","0202022022000002202202020","1202122022001002202212021","0212022122111112212202120","filled_and_not_filled","2025-12-12 16:00:19"
"CS3yzv","100000002","100010002","100000200","000000000","100000200","extend_to_boundary","2026-09-25 14:45:12"
"CuuZi9","000707777","000777777","101101111","101171111","111111111","filled_and_not_filled","2024-05-20 16:56:54"
"D14Yi3","0000011011100011111100000","0000011411100011111100000","0010001000100010101000100","0010001400100010101000100","0010001040100010101000100","complete_shape","2025-12-12 10:52:33"
"d1EX75","5500001000010000100001000","5505501010010100101001010","2200022000620006000060000","0000000000000000000000000","2202222022620266000660006","copy","2026-09-25 11:31:18"
"d3EP43","1106600000660110000000000","0000000000000001100066066","6601100011110000006600000","0000000000000000000000000","0000000000000110001166066","same_and_different","2026-09-23 16:38:10"
"D5Rd8J","7070707077555550777007770","7070707077555550000000000","2200022000220003333300022","2200022000220000000000000","2200022000220003333300000","above_and_below","2025-12-11 16:09:19"
"D98a7L","0070007000700000000400044","0070007400744000000000000","4400740070007000700070000","0000000000000000000000000","0000704470047000700070000","move_to_boundary","2026-09-23 11:06:28"
"DAyZ1w","000555033","000555000","555330330","555330300","555000000","above_and_below","2024-05-20 14:03:22"
"DD8OJB","000555222","000222555","111777000","111222555","777111000","top_and_bottom_2d","2024-05-24 13:22:04"
"dMhkM5","0101022220222202222001010","0101021210212102121001010","0010004440144410444000100","0000000000000000000000000","0010004140111110414000100","top_and_bottom_3d","2026-09-28 12:21:33"
"doHeGG","000022550","000550022","440066000","440556022","066440000","top_and_bottom_2d","2024-05-15 16:04:44"
"DpP9aA","1151151115111111515111115","1111111111111111111111111","7677667777777677677777767","7617617771777677171777761","7777777777777777777777777","clean_up","2024-04-19 14:46:30"
"du052E","0000002220025200222000000","0000005550052500555000000","0000001110014100111000000","0000000000001000000000000","0000004440041400444000000","same_and_different","2024-12-12 23:27:01"
"DVl6dB","0000400000003000000040000","0000400030003000300040000","0040000000003000000000400","0000000000000000000000000","0040000300003000030000400","extend_to_boundary","2026-09-23 13:30:04"
"dyWK8m","4400044000000000000000000","0000000000220002200000000","0004400044000000000000000","0004400044220002200000000","0000000000000220002200000","other","2024-05-18 12:01:17"
"dzgPcT","040041741","400410417","060260265","000000000","600620625","order","2026-09-23 12:06:29"
"dzHfzz","100000000","111100100","000000200","011100200","200200222","extend_to_boundary","2024-05-14 14:53:15"
"e0xkA2","0000003030030300333000000","0000003330033300333000000","0303003030030300303003330","0303003330030300303003330","0333003030030300303003330","complete_shape","2024-12-13 12:27:43"
"Ea5E7U","0010001010010100000000100","0010001010010100101000100","0444004040040000400004440","0444004040040000404004440","0444004040040400404004440","complete_shape","2025-12-11 17:59:06"
"Ea5KpS","0050000500005010050100501","0050000500005100051000510","0500005000050000501105011","0000000000000000000000000","0500005000050000511005110","move_to_boundary","2026-09-23 11:34:49"
"EjW7Pe","770330737","000330730","070033737","000000000","000033037","same_and_different","2026-09-25 10:25:24"
"epaIN8","500300300","505303303","300500300","305503303","303505303","copy","2024-04-19 11:16:58"
"EUPbHH","4000004670064600764000004","0000407640064600467040000","2220003200132001320003200","0000000000000000000000000","0000000000000000000000000","other","2025-12-10 17:34:51"
"evLxIf","205525502","505505505","307373703","000000000","303303303","above_and_below","2026-09-28 11:17:21"
"eZBkiU","102201121","101101101","503355303","000000000","505505505","clean_up","2026-09-25 11:45:19"
"F42Xxc","6666603030666660033000003","6666603030666660000000000","3003003030666663030066666","3003003030666660000000000","0000000000666663030066666","inside_and_outside","2024-05-16 12:49:41"
"FdiPVp","3037330373373733730337303","3730337303373733037330373","2222200555222225550022222","0000000000000000000000000","0000000000000000000000000","other","2024-12-13 15:17:43"
"fff49X","0000004044000040400004404","0000004000000000000400040","1101110001100000000101111","0000000000000000000000000","0010000000000011000010000","complete_shape","2026-09-23 13:59:47"
"fFLhOF","0000033330300000003033330","0000033330300303003033330","0000002220020000002000000","0000000000000000000000000","0000000000000000000000000","complete_shape","2025-12-12 16:41:15"
"fLTkVM","0460040067500760570007500","0054075004570060076000670","0040004040032301230021000","0003000303002121412041400","2100012340032040034000000","other","2024-12-10 18:50:07"
"fMyTjI","0700070700070000000000300","0700073700070000000000000","0000600000002000202000200","0000000000000000000000000","0000000000002000262000200","inside_and_outside","2026-09-25 11:00:24"
"Fnkg2A","020022100","021022000","000334030","000000000","000330430","inside_and_outside","2026-09-23 14:08:45"
"fqQYKZ","1111410000111401000011400","1111410000111401000011400","1000010040100001000410000","0000000000000000000000000","1000010040100001000410000","extend_to_boundary","2026-09-25 15:57:15"
"FRUtSU","0111001110011100000000000","0000000000011100111001110","0000200002000000000000000","0000000000000020000200000","0000000000000000000200002","other","2025-12-11 18:14:53"
"fTGzjS","4000040770407704000040077","0000400004000040000400004","4444407700070000007700000","0000000000000000000000000","0000000000000000000044444","same_and_different","2026-09-23 16:19:18"
"fTh9ne","620226000","020226000","600022026","000000000","600022020","same_and_different","2026-09-25 10:23:46"
"fTIaFK","0105000050100500005000150","0115000050111500005000150","0005010050000500105000050","0000000000000000000000000","0005011150000500115000050","extend_to_boundary","2026-09-23 13:25:02"
"FZWMao","1111100000000220002200000","0000000000111110002200022","0000011111220002200000000","0000000000111112200000022","0000000000111112200022000","move_to_boundary","2024-05-24 13:00:31"
"g3CnCO","0070000700007010070000700","0070000700007110070000700","0700007001070000700007000","0700007001070100700007000","0700007111070000700007000","extend_to_boundary","2024-05-21 15:17:53"
"gcKe7t","7060070600706000060000600","0760007600076000060000600","0006000060000607706077060","0706007060070607706077060","0006000060000600776007760","move_to_boundary","2024-05-22 11:38:33"
"GiG6QN","7777000000770000000077700","7700000000777000000077770","6000000000666000000066000","6000000000667000000066070","6000000000660000000066600","order","2024-05-21 16:06:30"
"Gjahvc","0020000200402004020040205","0000000000004000555022222","0000600006100061000610306","0000000000000000000000000","0000000000003000111066666","order","2026-09-23 15:25:50"
"GjqiSH","3703707307070073703707007","0703707307070070703707007","0300377777003307777730300","0300307777003300777700300","0000077777003307777700000","inside_and_outside","2024-04-19 14:38:59"
"GoSkl7","0303003530530300303503030","0303003530030300303003030","0300303003037037307303003","0300003000037000307003000","0300303003037030307303003","clean_up","2024-12-12 20:44:26"
"GPAssO","2042020024240202002020424","2042020020240202002020420","2222240044222220400040004","2222040040222200400040000","2222240044222220000000000","inside_and_outside","2024-05-16 12:47:42"
"gQX4Ax","220220011","000220221","044044005","000000000","000044044","same_and_different","2026-09-23 16:02:41"
"Gsadxj","003003503","003003053","333000500","000000000","333500000","move_to_boundary","2026-09-23 10:53:42"
"GuS2b3","6000060666600000006066060","3000030444300000003044030","0006066060000006066660000","0000000000000000000000000","0003044030000003044430000","horizontal_and_vertical","2026-09-23 11:41:34"
"h0wFyo","055605660","000655665","440403033","000000000","000443433","same_and_different","2026-09-23 14:56:49"
"h2z7Dn","777700770","700770777","440400444","400470447","400440444","order","2024-05-20 17:00:14"
"h5Qwdk","006060606","006066666","505050005","000000000","555055005","complete_shape","2026-09-24 16:03:15"
"H6vzjT","0005055050000000505505000","0004033040000000403304000","0050000500550550050000500","0000000000000000000000000","0040000400330330040000400","horizontal_and_vertical","2026-09-28 13:31:39"
"H8esRx","4400400004400004044040000","1100200002200002011020000","4044440000400040000444400","1144240002200042011424400","2011120000200020000211100","horizontal_and_vertical","2024-05-16 13:01:27"
"HaFtK3","111000303","111101303","111000033","000000000","111011033","extend_to_boundary","2026-09-25 15:46:04"
"hC2gHL","0700700700700072222207070","0000000000000002222207070","7007007007222220700770700","0000000000000000700770700","0000000000222220700770700","above_and_below","2024-05-17 17:48:38"
"Hd47ac","6666600001010101000000100","0000000000000000000066666","6000160100600106100060001","0000000000000000000000000","0000600006000060000600006","same_and_different","2026-09-23 16:17:44"
"HfeBcc","677767677","777777777","556556565","756576765","555555555","clean_up","2024-05-15 13:40:05"
"hFgxsE","4044440000004404000440004","7066670000006607000770007","0040400404440040000044440","0066600404446640000044440","0070700707660070000066660","horizontal_and_vertical","2025-12-14 16:25:14"
"hJGdF2","2202222222022202202222020","2222222222222222222222222","5005555555050555555050555","5025555555250525525050252","5555555555555555555555555","clean_up","2024-05-21 11:52:11"
"hkBaWZ","0550050050500505005005500","5555050050500505005055550","0000004440400044000404440","0000000000000000000000000","0000044444400044000444444","complete_shape","2026-09-23 13:54:34"
"hQ3J6M","2011120101001010011100000","0011100121001210011100000","5000004440040400444000000","0000000000000000000000000","0000004440045400444000000","inside_and_outside","2026-09-25 10:58:44"
"HqPvPZ","0700007000070003300033000","0707007070070703303333033","4000040000400002200022000","0000000000000000000000000","4000440004400042202222022","copy","2026-09-25 11:28:53"
"HqY92i","0000000002600026010260102","0000020000206002060120601","0030040300403074030740307","0000000000000000000000000","3000030400304073040730407","order","2026-09-23 12:30:32"
"hU4ZJ1","0000430040004000400340030","0000400040034300430040000","4000004003004003004000004","0000000000000000000000000","4000004000034300004000004","move_to_boundary","2026-09-23 11:01:25"
"HypivI","0000000000333330000000000","7777777777333330000000000","0000000000000003333300000","7777777777000003333300000","7777777777777773333300000","above_and_below","2024-05-21 11:41:20"
"I01GSj","0777700444777770000400044","0000400044004440777777777","0055500022022225555500002","0000400022004445777777777","0000200022005550222255555","order","2024-05-21 16:11:30"
"ic9tsB","0010001010010100000000100","0010001010010100101000100","0444004040040000000004440","0444004040040000404004440","0444004040040400404004440","complete_shape","2025-12-11 18:00:10"
"Ieefpt","0001105550151501555000011","0001105550150501555000011","0000155500515005050155501","0000000000000000000000000","0000155500505005050155501","inside_and_outside","2026-09-25 10:33:41"
"IG37oQ","002022444","000002422","220220044","000000000","000220220","same_and_different","2026-09-28 11:19:41"
"IgqNIg","003000700","003070700","700000300","000000000","700700300","extend_to_boundary","2026-09-28 11:35:34"
"ilexsI","0000010005000000000050000","0000011115100001000050000","0050000000000000000000105","0000000000000000000000000","0000000000000000000000000","extend_to_boundary","2026-09-25 15:50:36"
"iNCHnt","3333300000000000000000600","3333300300003000030000600","3000030006300003000030000","0000000000000000000000000","3000033336300003000030000","extend_to_boundary","2026-09-25 15:58:23"
"ipquDJ","003044000","000344000","003000404","000000000","000000434","tetris","2026-09-25 11:11:23"
"IsXG7T","111113311","111111111","434444443","434441143","444444444","clean_up","2024-05-17 16:06:01"
"ItEV87","6060006606777770606060060","6060006606777770000000000","0606677777066066066600060","0606677777066060000000000","0606677777000000000000000","above_and_below","2024-12-12 14:13:31"
"ITk2QG","2200022000000000000011111","0000000000000002200022111","0020000220000000000011111","0000000000000000000000000","0000000000000000020011221","same_and_different","2026-09-23 16:13:42"
"IUMZ7w","003000000","333003003","000000400","330003403","400400444","extend_to_boundary","2024-05-15 15:39:26"
"IV6JkR","660600666","006006000","666006606","000000000","000600060","complete_shape","2026-09-23 13:50:47"
"iVCnIl","5055550000500050000555505","3022230000300030000322203","0505005050050500000005550","0000000000000000000000000","0303003030030300000002220","horizontal_and_vertical","2026-09-23 11:46:38"
"Izojpg","4400004000040002202222022","4404404004040042202222022","0000050000550005000011011","0000000000000000000000000","0000050050550555005011011","copy","2026-09-25 11:37:09"
"JBB0zi","006776006","006777006","060464060","060467060","060444060","top_and_bottom_3d","2024-05-17 17:34:17"
"jBOzop","1021210212002020120201202","0021200212002020020200202","0001122222101102222210101","0000000000000000000000000","0000022222101102222200000","same_and_different","2026-09-25 10:30:20"
"JfYgWr","0460040067500760570007500","0046054006450070057000750","0060106010601050105010500","1006001006056011050001050","0006000601060106010501050","move_to_boundary","2024-12-11 15:16:30"
"jjZZev","0050050005005002222205050","0000000000000002222205050","0030030003444440030003030","0000000000444440030003030","0000000000000000030003030","above_and_below","2025-12-12 16:07:37"
"JmQQFH","1111100000555550000055555","0000000000555551111155555","0000055555000005555511111","0000000000000000000000000","0000055555111115555500000","inside_and_outside","2026-09-28 14:07:17"
"jmUCJy","2000000000005552050520555","0000000000005552052520555","0707700000444004040044400","0000000000000000000000000","0007700000444004740044400","inside_and_outside","2026-09-28 13:36:23"
"JuG6CE","004404440","444404444","550500505","000000000","555505555","complete_shape","2026-09-23 13:47:26"
"JVyGSu","0000070111001010011100000","0000000111001710011100000","0005000000333003030033300","0005000000333703030033300","0000000000333003530033300","inside_and_outside","2024-05-16 12:43:56"
"JYZ49Y","1101100100000000030000000","1131100100000000000000000","0003000000101110100000000","0030000000101110100000000","0000000000131110100000000","other","2025-12-11 11:36:57"
"Jz2qds","4044040000400000000444404","5011050000500000000511105","0000004040040400404000000","0000000000000000000000000","0000005050050500505000000","horizontal_and_vertical","2026-09-28 12:33:53"
"K2zjJv","0100001000111000000000000","0000001000010001110000000","0066000600006000066000000","0500005000055500500000000","0000005000050000555505000","horizontal_and_vertical","2025-12-12 13:38:06"
"k8xGR0","2626666662626666662662666","6666666666666666666666666","4444343444443443443444344","6464343446463443446446344","4444444444444444444444444","clean_up","2024-04-03 15:59:56"
"KanhQp","2000002056002005502000002","2222200000000000000000000","0000711070007000700070031","0170100000000000000000000","7777700000000000000000000","order","2024-12-12 21:25:54"
"kdOUcb","700404444","000474444","400447440","000000000","470440440","above_and_below","2026-09-24 15:42:39"
"KFxomX","0000000004400044040440404","0000040000404004040440404","0000000500005055050550505","0000000000000000000000000","0000050000505005050550505","order","2026-09-23 12:18:09"
"kGhPDS","111000111","111333111","111101111","000000000","111131111","filled_and_not_filled","2026-09-28 11:51:50"
"KkAGvc","777000505","777707505","777000050","000000000","777070050","extend_to_boundary","2026-09-28 11:30:45"
"KNGCnz","0000044444000004444400000","0000044444777774444400000","4444400000000004444400000","0000000000000000000000000","4444477777777774444400000","filled_and_not_filled","2026-09-28 11:54:52"
"KqMeh2","0505505000050050000555505","0705507000070070000755507","5550500005550000005000050","5750507005570070000700007","5550700007550000007000070","horizontal_and_vertical","2024-05-16 12:55:56"
"kSBTUI","111100110","111101111","002202222","000000000","222202222","extend_to_boundary","2026-09-23 13:45:12"
"KsoCTR","2222000000002000020000200","6666000000007000070000700","0000000222200002000020000","6666000222207002070020700","0000000666700007000070000","horizontal_and_vertical","2024-05-22 12:02:33"
"KTkXph","515011050","015011000","363660003","000000000","360660000","inside_and_outside","2026-09-23 14:13:46"
"KUx4dK","033440000","000000433","110055000","000000000","000000115","same_and_different","2026-09-23 15:46:46"
"KvSF4a","300030303","003000000","404040004","000000000","000000400","complete_shape","2026-09-23 13:48:22"
"KWOJaX","220222200","200220222","600666660","200226222","600660666","order","2024-05-07 14:45:43"
"KyduG5","2002020020200202002020020","2552025520255202552025520","0020200202002020020200202","0550205502055020550205502","0025200252002520025200252","filled_and_not_filled","2024-05-16 11:58:29"
"L1F0fv","333300330","333330300","440444400","444430300","444440400","order","2025-12-11 14:01:43"
"l2RUd4","4040402040424040404040404","4040400040404040404040404","4040404010404040414040404","4040404000404040404040404","4040404040404040404040404","clean_up","2024-12-13 19:13:01"
"L6PD6B","222000011","000000222","444300030","000000000","000000444","same_and_different","2026-09-23 15:31:41"
"laDOif","707666707","707707707","444505505","000000000","505505505","clean_up","2026-09-25 11:46:44"
"LBhlhB","0030000000000400040400040","0000000000000400043400040","0000600400040400040000000","0000000000000000000000000","0000000400046400040000000","inside_and_outside","2026-09-28 13:40:34"
"LCxRos","6000006000006000006000006","6000606060006000606060006","0000400040004000400040000","6000406040006000406040006","4000404040004000404040004","other","2024-12-13 13:08:41"
"LDi25B","0000020005000000000050000","0000022225200002000050000","0050000000000000000000205","0000000000000000000000000","0050000200002000020000225","extend_to_boundary","2026-09-25 15:51:29"
"lEQWEp","0600606006060060600606006","0622606226062260622606226","6666600000666660000000000","6622600220662260022000220","6666622222666660000000000","filled_and_not_filled","2024-05-13 17:28:37"
"LgLGGJ","0000060002000006020000000","0000066662000006620000000","6020000000600200000060002","0000000000000000000000000","6620000000666200000066662","extend_to_boundary","2026-09-28 11:37:52"
"LIkL2H","0220002000020005555500000","0000000000022000200052555","0022000022555550000000000","0000000000000000000000000","0000000000000000022055522","same_and_different","2026-09-23 16:27:21"
"LjIK4w","000060600","006060600","700070000","706070000","700070007","extend_to_boundary","2024-04-19 12:04:29"
"LWmMld","033000000","000022000","330000000","330022000","000220000","other","2024-04-19 11:33:50"
"LzZyLo","333000363","363000363","333000633","000000000","633000633","copy","2026-09-25 11:16:42"
"M1eH9k","200200222","300300333","220020022","320320333","330030033","other","2024-04-12 12:55:18"
"M2kzbS","400300400","403304403","200100200","000000000","201102201","copy","2026-09-25 11:20:25"
"M4iSTY","0000020000003330030300333","0000000000003330032300333","0444004040044400000070000","0000000000000000000000000","0444004740044400000000000","inside_and_outside","2026-09-28 13:33:44"
"m4YE3m","500222500","500522500","050222050","050522050","050252050","top_and_bottom_3d","2024-04-19 11:43:50"
"m7FYr6","6000006000444441106011006","0000600060116001144460000","0600044444061100611006000","0600644444161101611466000","0006000110441140006000060","other","2024-12-13 13:34:46"
"mEXlTM","0000000000330000300000000","0000000000002200002000000","0000004400004000000000000","0000000000000000000000000","0000000000000000000000000","above_and_below","2024-12-10 18:00:37"
"MgbtD3","6111606160006000616061116","0000360036663666300630000","2000242024442444202420002","0111700170007000710071110","0555100510001000150015550","above_and_below","2025-12-12 18:01:18"
"mgzJqO","555550055","555555555","011111110","011115510","111111111","clean_up","2024-05-17 16:13:27"
"mjo0LV","0004000040000403004000040","0004000040000403334000040","3000400004000040000400004","0000000000000000000000000","3333400004000040000400000","extend_to_boundary","2026-09-23 13:22:32"
"MKs7ws","0000000000033000330000000","0000006600066000000000000","0000000000000000003300033","0000006600066000003300033","0000000000000660006600000","other","2024-05-21 13:00:19"
"mMzaQE","000110033","000033110","044770000","044033110","770044000","top_and_bottom_2d","2024-05-24 13:19:55"
"mnQuHL","0101001010001000000000000","0101001010011100000000000","0000033300000303330000000","0000033300030303330000000","0000033330000303333000000","complete_shape","2025-12-12 14:50:01"
"mPX50q","0505000000000000200000000","0505005000050000200000000","5050500000000000000000002","0000000000000000000000000","5050500005000050000500002","extend_to_boundary","2026-09-28 11:44:40"
"mq5ylD","0000003000000000000044404","0000000000000000000044434","3000000000000000000044044","0000000000000000000000000","0000000000000000000044344","same_and_different","2026-09-23 14:54:49"
"MsSU9f","0010002002300300040005000","0000100020003000400450050","0100002000030000400005000","0001000020000300404050050","0000100002000030000400005","other","2024-12-13 16:08:49"
"MtyMXr","000000077","000044000","000770000","000744000","440000000","other","2024-05-20 14:22:49"
"mVx3z9","5550050500505005550200002","5550052500525005550000000","2200005555050050555500000","0000000000000000000000000","0000005555052250555500000","inside_and_outside","2026-09-23 14:18:46"
"MXPEB2","066600333","000000333","660333000","600033000","000333000","above_and_below","2024-04-26 15:13:42"
"mZ96WW","330700444","700330444","110222500","700332500","500110222","order","2024-05-20 17:24:16"
"MzfHvf","0100010000000010001000100","1100010000000010001100111","0020002002200200020002000","1020002002200200020102011","2220022002200220022202222","filled_and_not_filled","2024-05-09 12:32:34"
"N3p7dr","020101111","000121111","202010111","000000000","000212111","tetris","2026-09-25 15:44:20"
"N7iiQq","7070000700007000070000500","0000000000000000000000000","0000070000000007000500000","0000000000000000000000000","0000070000000007777500000","extend_to_boundary","2026-09-25 15:01:11"
"N7VF73","1110000000111100000011000","1100000000111000000011110","5550000000500000000055000","5500000000500000000055110","5000000000550000000055500","order","2024-05-18 20:49:28"
"N9yjC8","7077770000700070000777707","1033310000100010000133301","0000700007777070000000777","0000000000000000000000000","0000100001333010000000333","horizontal_and_vertical","2026-09-28 13:57:47"
"NbT4XU","4040404010404040104040404","4040404000404040004040404","4040404140404040401040404","4040404040404040400040404","4040404040404040404040404","clean_up","2024-12-13 20:34:45"
"NCz8AP","0500050055333335005005000","0000000000333335005005000","5005533333050050050055000","5005533333050050000000000","5005533333000000000000000","above_and_below","2024-05-21 11:32:03"
"Nd9BWY","1000001000001000001000001","0100000100000100000100000","0000010000010000010000010","0100010100010100010100010","1000001000001000001000001","other","2025-12-12 12:41:08"
"nGu3ha","0000000000003000000000000","3000303030003000303030003","0000000070000000000000000","0000000000000000000000000","0070700070007070700070000","extend_to_boundary","2026-09-23 13:42:01"
"nH5L3S","300400300","304403304","700500700","000000000","705507705","copy","2026-09-25 11:22:31"
"ni2mTu","1113131111111311311113111","1111111111111111111111111","4444444444446444444644466","4441414444446144144641466","4444444444444444444444444","clean_up","2025-12-12 14:01:09"
"NITwty","100010001","100110111","005050500","005150110","005055555","filled_and_not_filled","2024-05-15 15:44:26"
"nJS4KM","0000020020250252532525325","0000022000225502255322553","0000004000041016416164161","0000000000000000000000000","0000040000411004116641166","order","2026-09-23 12:10:31"
"NlWFkx","0000000030003003000300000000033333000333000000000","0000000030003003000300000000003330003000300000000","0000000000000000404000040400000000000444000400040","0000000000000000000000000000000000000000000000000","0000000000000000404000040400040004000444000000000","other","2024-12-13 13:29:43"
"nmacBN","0000011110100001110000000","0000011111100011111100000","0000003330300030333000000","0000013331300031333100000","0000033333300033333300000","complete_shape","2024-12-13 12:17:37"
"nMNKyQ","0000004000000000000000003","0000004000004000004000003","0004000000000003000000000","0000000000000000000000000","0004000400040003000000000","extend_to_boundary","2026-09-25 14:46:45"
"NNAY8Z","0101101000000011110100001","0503305000000053330500005","0111000000001000010000100","0000000000000000000000000","0333000000005000050000500","horizontal_and_vertical","2026-09-28 12:24:37"
"NQy7Jn","0300011100111001110003000","0300013100131001310003000","0000005550355530555000000","0000000000000000000000000","0000005550333330555000000","top_and_bottom_3d","2026-09-28 12:19:51"
"NrYXPv","500501511","005005005","555000101","000000000","000000555","same_and_different","2026-09-23 15:34:25"
"nTtJUn","122212212","222222222","337333737","237323727","333333333","clean_up","2024-04-19 10:55:13"
"NzXjmK","0200002022000002202000020","0200002000000000002000020","0000000220000000200002000","0000000000000000000000000","0000000000000000200002000","horizontal_and_vertical","2026-09-28 12:27:37"
"O7KTKU","5250250520525005052052502","5250050500525005050052500","0525005250250500525005052","0000000000000000000000000","0525005250050500525005050","inside_and_outside","2026-09-23 14:16:34"
"obkin4","0000000000020000000000000","0200002000222220200002000","0000000060000000000000000","0200002060202220200002000","0006066666000600006000060","extend_to_boundary","2024-05-16 11:44:35"
"obNBWr","2022220000200000000222002","3077730000300000000377003","0000002220000000222000000","0000000000000000000000000","0000007770000000777000000","horizontal_and_vertical","2026-09-28 12:32:09"
"oBqUnV","0100011100000003000333033","0000000000000003111333133","0010100111000003000330303","0000000000000000000000000","0000000000000003111331313","same_and_different","2026-09-23 15:17:23"
"OeqEXb","100020004","000000124","005030700","000000000","000000735","move_to_boundary","2026-09-24 15:54:25"
"oi45yy","000030303","000333333","001010001","000000000","011011011","complete_shape","2026-09-25 11:38:59"
"oRo06L","0200202002555550200202002","0200202002525520200202002","0020055555002005555500200","0000000000000000000000000","0020055255002005525500200","top_and_bottom_3d","2026-09-28 12:17:05"
"oTLKzu","0000000060006060066600660","0000000666006660066600666","0004000040000400000400000","0004000141000400001400000","0000400004000040004000000","above_and_below","2024-12-13 13:03:47"
"Owr63i","502252205","202202202","103131301","000000000","101101101","clean_up","2026-09-25 11:44:04"
"oWWieS","0303003030030301111103030","0303003030030301111100000","0030000300111110030000300","0000000000000000000000000","0030000300111110000000000","above_and_below","2026-09-28 12:55:15"
"OZyNO0","040040004","004004040","010011001","646606040","000060000","complete_shape","2024-12-13 12:55:30"
"PAlozJ","0404004040505050404004440","0000000000505050404004440","0404050505044400444044444","0000000000044400444044444","0000050505044400444044444","above_and_below","2025-12-10 22:47:54"
"pBDl0r","1002010020000200102001020","0000100001000020000100001","0120000200102001020000200","0000000000000000000000000","0000100002000010000100002","same_and_different","2026-09-23 16:30:46"
"pBTjNa","0100001000010330103301000","0100001000013300133001000","0010000103001030010300100","0010000103003000030000100","0010000130001300013000100","move_to_boundary","2024-04-26 14:47:21"
"pCSpyA","2000202020002000202020002","4000402020002000202040004","0020000200222220020000200","4020400200222220020040204","0040000200422240020000400","other","2025-12-10 15:34:28"
"PcUWdy","306000000","336000000","060000030","000000000","060030030","extend_to_boundary","2026-09-28 11:32:33"
"pFgSuz","0303043434030304343403030","0303044444030304444403030","3030030300343443030030300","0000000000000000000000000","3030030300444443030030300","top_and_bottom_3d","2026-09-28 12:15:03"
"PIle2W","0004000040000400000044400","0001000010000100000033300","4444000000000040000400004","4441000010000140000433304","3333000000000010000100001","horizontal_and_vertical","2024-05-22 11:47:04"
"plpWXl","7700037000300003000030000","7707737037300303003030030","2000020000200006000066000","2007720037200306003066030","2002020020200206006066066","copy","2024-05-21 14:43:19"
"pO7Ghv","3030666303303633030360306","3030330303303033030330303","2262206000622620000026226","2262330000622020000030223","2222200000222220000022222","clean_up","2024-04-26 13:13:26"
"PPYyve","602600600","662600600","602602602","000000000","662662662","extend_to_boundary","2026-09-25 15:48:24"
"pr2OFT","0550050005000501111150500","0550050005000501111100000","0050511111005000500555050","0000000000000000000000000","0050511111000000000000000","above_and_below","2026-09-28 12:48:53"
"pvjnxP","2010221002200122110220102","0020000200002000020000200","5555507070707007000755555","0000000000000000000000000","0000000000555550000000000","same_and_different","2026-09-28 11:22:10"
"pzz2me","005335335","005033033","335005005","000000000","033005005","same_and_different","2026-09-23 16:10:29"
"QAnGX7","0505002220025250225050500","0000002220022200222000000","4430343400444000003330300","0000000000000000000000000","4440044400444000000000000","clean_up","2026-09-25 11:52:47"
"qcD48U","0000000000007000707007070","0000000000017100747007470","7000770007700070777000000","7000770007710170747000400","7444774447744471777100000","other","2025-12-12 00:48:18"
"QDfGeN","151050050","111050050","050151050","000000000","050111050","top_and_bottom_3d","2026-09-28 12:07:49"
"qEAN2N","0503535035050053530535035","0503505035050050530505035","0505035353350500535005053","0000000000000000000000000","0505005350050500535005050","inside_and_outside","2026-09-28 12:38:38"
"qkiz5G","0505000515101500100500010","0505000515000500000500000","0105010515050515150005010","0000000000000000000000000","0005000515050505150005000","inside_and_outside","2026-09-23 14:26:46"
"QMCVfN","0400400400400042222204040","0000000000000002222204040","0050511111500050050050005","0000000000000000050050005","0000011111500050050050005","above_and_below","2025-12-11 10:18:29"
"QMnNZz","333300330","300330333","110111100","100131100","100110111","order","2024-05-15 15:53:52"
"QN8Dgd","2552200505222525050025225","2222200000222220000022222","5202505020020500252052025","0000000000000000000000000","0202002020020200202002020","clean_up","2026-09-25 14:37:13"
"QOUBOq","303033330","333333333","066606606","036306603","666666666","clean_up","2024-05-15 15:00:22"
"qQaYbO","0000003005000000000005000","0000003335030000300005000","0000000005000000000005003","0000000000000000000000000","0000000005000030000305333","extend_to_boundary","2026-09-23 13:34:02"
"Qwk0jZ","300010101","000010131","505050060","000000000","565050000","inside_and_outside","2026-09-25 10:48:04"
"RebX8D","3333300000000003333300000","3333377777777773333300000","0000000000333330000033333","0000077777777770000033333","0000000000333337777733333","filled_and_not_filled","2024-05-21 15:36:48"
"reGSiD","022600000","000000622","006220000","000000000","000000226","move_to_boundary","2026-09-23 11:14:08"
"REH6np","0500500700070700070550000","0000005750070700575000000","0002060202060200000060060","0002006262000200606000000","0062600202006260000000000","inside_and_outside","2024-12-12 10:55:47"
"RHodIV","0000000200000002000202020","0000000200020202000202020","1000100000001000000000000","0000000000000000000000000","1000101010001000000000000","complete_shape","2026-09-23 14:02:36"
"RiT9oI","0040440440666664004004404","0000000000666664004004404","1010066666010101000110110","1010000000010101000110110","0000066666010101000110110","above_and_below","2024-12-12 14:57:43"
"RJYQHi","0000030003003000000011111","0000030003103011010111111","0003000000030000000011111","0000000000000000000000000","0003000010030100101011111","extend_to_boundary","2026-09-28 11:47:31"
"rkebFE","0007007070222220770070000","0007007070222220000000000","0007700077000772222207700","0007700077000770000000000","0007700077000772222200000","above_and_below","2025-12-12 16:04:52"
"rKYhVr","0011100100001010010000101","0011100101001010010100111","0000005555000050000005555","0000005551000050000105515","0000005555050050500505555","complete_shape","2024-05-21 13:24:46"
"rL3h4H","500700500","505707505","600600100","605607105","606606101","copy","2024-05-20 15:25:05"
"RL6JZr","1000000222002021022210000","0000000222002121022210000","1110100001222202002022220","0000000000000000000000000","1110000000222202112022220","inside_and_outside","2026-09-25 11:04:15"
"RLUGFl","0000044444000000000000000","0000044444222222222222222","0000000000444440000000000","0000000000222222222222222","0000000000444442222222222","above_and_below","2024-05-21 11:40:08"
"Rn5dvJ","330301011","000331311","330100111","000000000","000133111","same_and_different","2026-09-23 14:58:43"
"rPcHBr","0070000760067600676776767","0000700067006670766777667","0060007600076607766077666","0000000000000000000000000","0000600076006760767667676","order","2026-09-23 12:15:22"
"RPubaa","033033300","055055500","300330033","355355533","500550055","other","2024-05-20 14:18:50"
"RRzrH9","0005500000333303003033330","0000000000333303553033330","0033350303503030033300000","0000000000000000000000000","0000000333003530035300333","inside_and_outside","2026-09-28 13:38:27"
"RUV3gE","767000666","767000767","676000666","000000000","676000676","copy","2026-09-25 11:15:32"
"RwWFS2","0700470044000047000007000","0700074000440007400007000","0044400040700070707000700","0000000000000000000000000","0000000000744470747000700","tetris","2026-09-24 15:48:30"
"RZpsSQ","101111020","121111000","055050655","000000000","055056055","inside_and_outside","2026-09-23 14:10:37"
"S1thE2","4020442404402242040440424","4040440404404044040440404","1444401001444440100044411","1444400001444044100044401","4444400000444440000044444","clean_up","2024-05-21 12:41:55"
"s5WgGh","0003300000000005000055500","0000000000000005330055500","0330000000000000005005550","0000000000000000000000000","0000000000000000335005550","same_and_different","2026-09-23 15:05:55"
"S6BG4r","3003130013031000103310300","3003130010031000100010000","3013001003100300030030303","0000000000000000000000000","3010001000100000000000000","above_and_below","2026-09-28 12:58:52"
"ScaQgX","0010033330333303333000100","0010033130331303313000100","0000004440144410444000000","0000004140141410414000000","0000004440111110444000000","top_and_bottom_3d","2024-04-05 14:42:00"
"SGvzPF","6666600000220000220000000","0000000000666662200002200","0000066666000000002200000","0000000000000000000000000","0000000000000006666600022","move_to_boundary","2026-09-23 11:27:27"
"sLO9zx","0000055500000050000500005","0000077700000030000300003","0500005000050000000005555","0500077700050030000305553","0300003000030000000007777","horizontal_and_vertical","2024-05-19 17:51:54"
"sqwD82","205525502","505505505","306363603","000000000","303303303","clean_up","2026-09-28 11:16:29"
"SvA1h2","000020000","202020202","000070000","000000000","707070707","extend_to_boundary","2026-09-23 13:30:39"
"svuKqU","6666600300003000030000000","0000066666003000030000300","0000066666000003300000000","0000000000000000000000000","0000000000000006666633000","move_to_boundary","2026-09-24 15:57:55"
"sXVMAq","4400400500005504050040004","4400400500055504000040004","0000401110001004010444004","0000401110051504010444004","0000401000011104100444004","other","2025-12-12 13:06:53"
"syqlBX","0010000100000003333300000","0000000000000000010033133","0000100011333330000000000","0000000000000000000000000","0000000000000000000133311","same_and_different","2026-09-23 16:16:34"
"T1bsTG","2000002046002004402000002","2222200000000000000000000","0000711070007000700070031","0000000000000000000000000","0000000000000000000000000","horizontal_and_vertical","2024-12-12 20:44:17"
"T96e9U","0000100000000003303300000","0000000000000003313300000","0100000000000000000033303","0000000000000000000000000","0100000000000000000033303","same_and_different","2026-09-23 15:22:31"
"TEOQ1s","0111001110011100000400444","0000000000011100111401114","0001100011000000000444444","0000000000000000000000000","0000000000000000001144411","same_and_different","2026-09-28 11:23:50"
"tHEKyi","515131515","242464242","315131513","342464243","642464246","other","2025-12-10 11:10:25"
"TjDWqM","6666611110100006600066600","1000066000666001111066666","4000033000444404444433300","1000066000666401111433366","4000033000333004444044444","order","2024-05-21 16:15:25"
"tjqUzz","1000002000003000000000006","1000002000003000004000006","0000002040100060000000000","0000002040100060004000000","0000002040103060000000000","order","2025-12-11 19:36:52"
"TK6bgT","3030311111300003000300003","3030311111100000000000000","0030333000303031111130300","0000000000000000000000000","0000000000000000000000000","above_and_below","2024-12-13 19:38:18"
"TKKBpo","707070555","000000555","707555000","707050000","000555000","above_and_below","2024-05-15 12:54:09"
"TliAXg","200555022","200555000","555200202","000000000","555000000","above_and_below","2026-09-28 12:41:07"
"tnDCo7","0055500000220000002255500","0055500022000002200055500","0555000002020020200000555","0000000000000000000000000","0555002000020020000200555","move_to_boundary","2026-09-23 11:23:24"
"ToAPbe","707333707","707737707","577500577","000000000","777500777","top_and_bottom_3d","2026-09-28 12:12:35"
"tOWmE8","015050510","015010510","300130103","000000000","100130103","top_and_bottom_3d","2026-09-28 13:24:13"
"TwBnXB","0202002020020200202002020","6202662026620266202662026","2020020200202002020020200","0000000000000000000000000","2026620266202662026620266","filled_and_not_filled","2026-09-28 11:57:45"
"u2Glor","0007766600606006060066600","0000066600676006760066600","0050000500111101001011110","0000000000000000000000000","0000000000111101551011110","inside_and_outside","2026-09-23 14:21:21"
"uC03O8","4464446444446444444646444","4444444444444444444444444","3733337373333737333373373","3763337373336737336376373","3333333333333333333333333","clean_up","2024-12-13 18:07:59"
"uE6DpI","0033300000000030000000033","0000300000000330000000333","0055500000055550000000055","0000500000055350000000355","0005500000005550000005555","order","2024-05-21 15:41:44"
"UH1UQA","2000020000000000100001110","0000000000000000122001110","0022000000100001000011000","0000000000000000000000000","0000000000120001200011000","same_and_different","2026-09-23 15:09:28"
"UIUymf","205020200","200520200","047070007","000000000","047070007","inside_and_outside","2026-09-25 10:51:30"
"uNzJ5H","262000111","262000161","744000555","000000000","744000755","copy","2026-09-25 11:18:44"
"UOaC7A","030433440","000433443","500556066","000000000","000556566","tetris","2026-09-25 11:09:45"
"uPgfTM","0222052020025255202002220","0222052020020255202002220","2220020255252002520522205","0000000000000000000000000","2220020255202002020522205","inside_and_outside","2026-09-23 14:35:23"
"urhDgl","5000022000220000000001000","5000522022220220000001010","0600030000350003000006000","0600530022350223000006010","0606030003350533000306060","other","2025-12-12 05:46:52"
"UrWSnw","0770007700000000000066666","0000000000000000770067766","0007700007000000000066666","0000000000000000000000000","0000000000000000007766667","same_and_different","2026-09-23 16:24:06"
"usgzua","5050000050511001515511100","0000000000111001110011100","6600602220026200622060060","0000000000000000000000000","0000002220022200222000000","clean_up","2026-09-25 11:54:35"
"UV4EXU","3030000300110110101030030","3030001310110110000030030","0050500000070707707755500","0050507070070707000755500","0050577077070700000055500","other","2024-12-13 18:48:04"
"UYWoZv","6660600006060060600000066","1110300003030030300000011","6660000006000060000066600","0000000000000000000000000","1110000003000030000011100","horizontal_and_vertical","2026-09-28 12:31:17"
"uz0kxU","0000033333555553333300000","0000055555555555555500000","3333300000555550000033333","0000055555555555555500000","5555500000555550000055555","other","2024-12-12 14:50:44"
"V1E7K4","1020010200002010020100201","0120001200002100021000210","1200012000020000201102011","0000000000000000000000000","1200012000020000211002110","move_to_boundary","2026-09-23 11:33:20"
"v7EcfU","0000400100010100010000000","0000000100014100010000000","0000003000050005050005000","0000000000000000000000000","0000000000050005350005000","inside_and_outside","2026-09-25 11:01:59"
"VAfZbo","0300003000030000300203000","0300003000030000322203000","3000030002300003000030000","3000030002300003022030000","3000032222300003000030000","extend_to_boundary","2024-05-16 11:47:06"
"VAo58S","000444404","000444444","505505555","000000000","555555555","filled_and_not_filled","2026-09-28 11:50:02"
"vbg8hm","0000001000000100000033333","0000001000010100101033333","0010010000000003333300000","0000000000000000000000000","0010010100101003333300000","extend_to_boundary","2026-09-23 13:38:20"
"vdjz1x","7700077000100001000010000","7707777077100101001010010","0500005000050002200002000","0507705077050102201002010","0500505005050052202202002","copy","2024-04-19 14:31:43"
"VFEQ6f","5550050500555000000000000","5550055500555000000000000","0000001110010100111000000","0000000000000000000000000","0000001110011100111000000","filled_and_not_filled","2026-09-28 12:00:32"
"vGOs0i","0777000770000000066006660","0666000660000000077007770","0777007700000000660006660","0666007660000000677007770","0666006600000000770007770","top_and_bottom_2d","2024-05-21 16:19:15"
"VgSIGO","0000077077000007707700000","0000000000000007707700000","3303333033000003303333033","3303300000000003303333033","0000000000000003303333033","top_and_bottom_2d","2024-05-16 12:21:00"
"vhiiHW","007000307","007003007","605005000","000000000","005005006","same_and_different","2026-09-23 15:00:33"
"VJiFTu","002222022","222022002","055005555","000000000","555055005","above_and_below","2026-09-23 12:03:43"
"vNNLhn","0600006003360033630336363","6000063000633006333063336","0060000630606306363063636","0000000000000000000000000","6000063000636006363063636","order","2026-09-23 12:22:28"
"vnSedl","222505222","000222000","252252202","000000000","020020020","same_and_different","2026-09-28 11:20:31"
"Vp2BS0","0000600000000003303300000","0000000000000003363300000","0600000000000000000033303","0000000000000000000000000","0000000000000000000033363","same_and_different","2026-09-23 15:22:59"
"vp5bmV","0004440000404440000044400","0001170000701110000011100","0000444404000044000040444","0000000000000000000000000","0000711107000077000070111","horizontal_and_vertical","2026-09-23 11:53:24"
"vreekl","0100001000010002200002000","0100101001010012202202002","3300033000600006000060000","0000000000000000000000000","3303333033600606006060060","copy","2026-09-25 11:34:50"
"Vu3YJM","0000000000000300000000000","0003000030333330003000030","0000000000005000000000000","0003000030335030003000030","0050000500555550050000500","extend_to_boundary","2024-04-05 12:35:27"
"Vu4Txl","1110010100115330030300333","0000002000002000002000000","0011155301503115550000000","0000022020220002220000000","0000000660066000000000000","filled_and_not_filled","2025-12-11 20:09:06"
"VVjJGj","000020000","020222020","000010000","000000000","010111010","extend_to_boundary","2026-09-23 13:18:17"
"vzyqo4","600655600","600555600","060262060","060562060","060222060","top_and_bottom_3d","2024-05-20 18:02:18"
"W08yyc","2220020200222000000000010","2220021200222000000000000","0000000000704440040400444","0000001000704440040400404","0000000000004440047400444","inside_and_outside","2024-05-13 13:22:18"
"w1KvbB","0000007770070700777000002","0000007770072700777000000","0055500505005550000001000","0055500505002550000001000","0055500515005550000000000","inside_and_outside","2024-05-21 16:46:09"
"W2Dn9N","066555565","000555565","655056655","000000000","055056055","same_and_different","2026-09-25 10:26:35"
"w7KpZh","0000002200020000000200022","0000000022000020200002200","0001100001010000110000000","0000000000000000000000000","0110001000000010001100000","complete_shape","2026-09-23 13:56:57"
"W7wG3N","0040000400004002240022400","0000400004000040002200022","0400024000240000400004000","0000000000000000000000000","0000400002000020000400004","same_and_different","2026-09-23 16:14:54"
"wA5LlY","4004440000000040000444404","0004400000000000000044400","4440000000004000040000400","0000000000000000000000000","4440000000000000000000000","horizontal_and_vertical","2026-09-28 12:29:27"
"wcncOV","002333002","002332002","050333050","050332050","050353050","top_and_bottom_3d","2024-05-15 16:09:45"
"wgqklG","0000200000001000000000000","0000200020001000000000000","2000000000000000001000000","0000000000000000000000000","2000002000002000002000001","extend_to_boundary","2026-09-28 11:45:58"
"WkoeJf","400040004","444044004","007070700","044074700","777770700","filled_and_not_filled","2024-05-15 15:50:12"
"wLiVHj","0000000000403040000000400","0000000000433340030000400","0040000000403040000000400","0000000000000000000000000","0040000300433340030000400","extend_to_boundary","2026-09-25 15:53:37"
"WLWpzN","0010000100110110010000100","0050000500330330050000500","0001011010000000101101000","0000000000000000000000000","0005033050000000503305000","horizontal_and_vertical","2026-09-28 13:55:38"
"wm8kMk","515505505","050050050","555100555","000000000","000555000","same_and_different","2026-09-24 16:00:16"
"wRwr4j","0000000001000011110100000","0000000006000063330600000","0000001111000001000010000","0000000000000000000000000","0000003333000006000060000","horizontal_and_vertical","2026-09-23 11:48:46"
"wSyYZs","660011000","011660000","000220033","011660033","000033220","top_and_bottom_2d","2024-05-20 17:57:15"
"wuV64J","0602206022060000600006000","0622006220060000600006000","0060000602006020060200600","0000000000000000000000000","0060000620006200062000600","move_to_boundary","2026-09-23 11:19:27"
"WVB5kB","3000030000000005505555055","0000000000000005535555355","0000300003000005550555505","0000000000000000000000000","0000000000000005553555535","same_and_different","2026-09-23 15:11:30"
"WYwrHc","3333330003301033000333333","3333331113311133111333333","6666660006607066000666666","6666661116611166111666666","6666667776677766777666666","filled_and_not_filled","2024-12-12 11:50:03"
"x4xB0k","0100022212000102212210001","0000022222000002222200000","0404003033043403404004343","0000000000000000000000000","0404004040040400404004040","clean_up","2026-09-25 11:50:37"
"XBoYAo","4440042400444000000000000","4440042400444000000000000","0000306660060600666000000","0000000000000000000000000","0000006660063600666000000","inside_and_outside","2026-09-25 11:06:14"
"xC7qo1","0000000000020000000000000","0002020200020002020000020","0000000000001000000000000","0000000000000000000000000","1000101010001000101010001","extend_to_boundary","2026-09-23 13:32:03"
"xChGYu","0000055000500005005055550","0000000550000500000000000","0220202002020020002200000","0220202552020520002200000","0002000000000000220000000","complete_shape","2024-05-16 11:35:56"
"xFRACT","200330003","000332003","002303030","000000000","000323030","tetris","2026-09-24 15:45:05"
"xgVzwh","1010101010333330101010101","1010101010333330000000000","1010133333400044400440444","1010133333400040000000000","1010133333000000000000000","above_and_below","2025-12-11 18:51:17"
"xgyjDv","200400400","202404404","100500100","000000000","101505101","copy","2026-09-25 11:24:38"
"xJXEzo","000103000","000113000","001000003","000000000","001001003","extend_to_boundary","2026-09-25 15:49:06"
"xUmo8W","2020520205202052020520205","2520025200252002520025200","0360603606036060360603606","0000000000000000000000000","0063600636006360063600636","inside_and_outside","2026-09-28 14:08:40"
"xuTAtV","0050655060506005600560505","0050655060506005600060000","0005050000050065506000655","0005050000050005500000000","0005050000050065506000600","other","2025-12-12 14:15:07"
"XVdb7U","3000223002203022003220003","3000333003303033003330003","1000110001166611000110001","3000330003333333000330003","6000660006666666000660006","complete_shape","2024-12-13 14:20:57"
"XyCnT0","0000000000506050000000000","0000000000566650000000000","0005000000000600000000050","0000000000000000000000000","0005000060000600006000050","extend_to_boundary","2026-09-25 15:03:10"
"xZpkzI","402400400","442400400","400442400","000000000","000000000","extend_to_boundary","2026-09-25 15:02:10"
"Y0HohN","033300111","000000111","303111000","000000000","000111000","above_and_below","2026-09-28 12:42:29"
"Y0uALk","0030003030300030303000300","0050005050500050505000500","0333003000033300003003330","0353005050533350505003530","0555005000055500005005550","other","2024-05-21 12:44:13"
"y2Mrsv","0000050002000005000200000","0000055552000005555200000","0005500000000000000000022","0000000000000000000000000","0005500055000550005500022","extend_to_boundary","2026-09-25 14:47:54"
"Y4NNvh","0001000000000002202200200","0000000000000002212200200","0000100000202220200000000","0000000000000000000000000","0000000000212220200000000","same_and_different","2026-09-23 15:03:23"
"ya3hZ5","0400000000020040000004000","0400002000022240200004000","0040000000402000000000000","0000000000000000000000000","0040000200422000000000000","extend_to_boundary","2026-09-28 11:39:27"
"ydmbma","0000000000444440000000010","0000000000444440001000010","0000044444000000100000000","0000000000000000000000000","0000044444010000100000000","extend_to_boundary","2026-09-23 13:40:44"
"yg4SIx","200400200","202404202","100300100","102304102","101303101","copy","2024-05-15 15:27:24"
"yK52gk","4000040000220222202222022","4004040040220222202222022","3300013010100101001010010","3304013040100101001010010","3303313013100101001010010","copy","2024-04-04 18:36:11"
"YqBfuj","0000011000000000000000000","0000000000001100000000000","0000000000110000000000000","0000000000000001100000000","0000000000000000000000110","complete_shape","2025-12-12 11:47:06"
"YQPGJP","700000400","700700400","070000040","000000000","070070040","extend_to_boundary","2026-09-25 14:43:15"
"yTgzBc","000444040","040000000","050505050","000000000","000050000","complete_shape","2026-09-23 13:51:47"
"yvToHE","0002044020440200002000020","0002004420044200002000020","0020000200402004020040200","0020000400004004020040200","0020000200042000420004200","move_to_boundary","2024-05-22 11:13:00"
"yWj5EE","0000044000004004000004400","0000000400400000040040000","0100100001010010000000000","0100100401410010040040000","0011001000001100000000000","complete_shape","2024-12-12 18:30:59"
"YXud5Y","1000011000111001111000000","1000011000111001111011111","3000033000000000000000000","3000033000000000000011111","3000033000333000000000000","other","2024-12-13 19:56:21"
"zaPkXt","022004444","000000422","220040444","000000000","000000224","same_and_different","2026-09-23 16:12:12"
"zBmElU","020202020","020222020","010011010","010021010","010111010","complete_shape","2024-04-19 11:04:14"
"zcBCRV","5500005000060000600006000","5505505005060060600606006","2000020000200003300033000","2005520005200063300633006","2002020020200203303333033","copy","2024-05-21 14:48:04"
"zjvdIo","200020000","200020002","004040000","004040002","004040400","extend_to_boundary","2024-05-20 16:52:28"
"zkmLzy","1004401040005552200002003","0004400040005550000000003","1105500055066600030030330","0005500055006600030000330","0105000050066600030000330","clean_up","2024-12-12 10:39:05"
"ZLuqmG","0100122222010010100101001","0000022222000000000000000","1010010100222221010022222","0000010100000000000000000","0000000000222220000022222","top_and_bottom_3d","2024-04-26 14:54:41"
"zmTsWK","010555010","010515010","100666100","100616100","100166100","top_and_bottom_3d","2024-05-24 15:22:29"
"ZunLDt","000000007","007007777","000000500","007007770","500500555","extend_to_boundary","2024-05-20 16:50:50"
"zuZZ7g","400222400","400422400","244200200","000000000","444200200","top_and_bottom_3d","2026-09-28 12:09:55"
"zvHCiq","000000000","000000000","000000000","000000000","000000000","above_and_below","2024-12-13 16:07:36"
"ZXSuRo","0666606006000060006600000","0000000000060000660000000","0000077070700700000077770","0000077070760700660077770","0000000700000007007000000","complete_shape","2024-05-21 13:45:58"
"zYuq0D","000111707","000111000","111707770","111707070","111000000","above_and_below","2024-04-26 15:17:41"
