"user_id","created_timestamp","username","password","email","consent","research_study","exp_condition","exp_itemorder","participantnr","dob","study","edu_level","edu_year","age","originality","utility","innovative","appropriate","aut_experience","aut_instr_check"
"163","2025-01-20 10:39:29","prolific_sessionid_678e198eec5e92ae641e4892_pid_678e19d120adb9.03044883",NULL,NULL,"1","AmbiguousARC",NULL,NULL,"prolific_studyid_677d3c67a9f6dd8ace27f599","1998",NULL,NULL,NULL,NULL,NULL,NULL,NULL,NULL,NULL,NULL
"162","2025-01-20 10:25:13","prolific_sessionid_678e14c11a27feb168d489ea_pid_678e1679be1b82.60003655",NULL,NULL,"1","AmbiguousARC",NULL,NULL,"prolific_studyid_677d3c67a9f6dd8ace27f599","2009",NULL,NULL,NULL,NULL,NULL,NULL,NULL,NULL,NULL,NULL
"161","2025-01-20 10:24:36","prolific_sessionid_678e163e3b2e9f04fdcdf521_pid_678e1654ac9a63.08529149",NULL,NULL,"1","AmbiguousARC",NULL,NULL,"prolific_studyid_677d3c67a9f6dd8ace27f599","1977",NULL,NULL,NULL,NULL,NULL,NULL,NULL,NULL,NULL,NULL
"160","2025-01-20 10:22:25","prolific_sessionid_678e15c11a27feb168d48a62_pid_678e15d1d32a68.65805033",NULL,NULL,"1","AmbiguousARC",NULL,NULL,"prolific_studyid_677d3c67a9f6dd8ace27f599","2009",NULL,NULL,NULL,NULL,NULL,NULL,NULL,NULL,NULL,NULL
"159","2025-01-20 10:20:54","prolific_sessionid_678e14f5080c0d7b16733b32_pid_678e157693daf2.98492794",NULL,NULL,"0","AmbiguousARC",NULL,NULL,"prolific_studyid_677d3c67a9f6dd8ace27f599",NULL,NULL,NULL,NULL,NULL,NULL,NULL,NULL,NULL,NULL,NULL
"158","2025-01-20 10:19:09","prolific_sessionid_678e14f5080c0d7b16733b32_pid_678e150ddd2134.16443343",NULL,NULL,"1","AmbiguousARC",NULL,NULL,"prolific_studyid_677d3c67a9f6dd8ace27f599","1994",NULL,NULL,NULL,NULL,NULL,NULL,NULL,NULL,NULL,NULL
"157","2025-01-20 10:18:54","prolific_sessionid_678e146b91ce40eb9484fd51_pid_678e14fec59a80.97255485",NULL,NULL,"1","AmbiguousARC",NULL,NULL,"prolific_studyid_677d3c67a9f6dd8ace27f599","1992",NULL,NULL,NULL,NULL,NULL,NULL,NULL,NULL,NULL,NULL
"156","2025-01-20 10:18:44","prolific_sessionid_678e14a0fe57b3d7c22dfcd1_pid_678e14f4dd0002.27105895",NULL,NULL,"1","AmbiguousARC",NULL,NULL,"prolific_studyid_677d3c67a9f6dd8ace27f599","1978",NULL,NULL,NULL,NULL,NULL,NULL,NULL,NULL,NULL,NULL
"155","2025-01-20 10:18:17","prolific_sessionid_678e14873fdd3480f7a0fa1f_pid_678e14d9d93341.03817724",NULL,NULL,"1","AmbiguousARC",NULL,NULL,"prolific_studyid_677d3c67a9f6dd8ace27f599","1990",NULL,NULL,NULL,NULL,NULL,NULL,NULL,NULL,NULL,NULL
"154","2025-01-20 10:18:13","prolific_sessionid_678e14b48edbb57c8065337c_pid_678e14d5a5b868.06824702",NULL,NULL,"1","AmbiguousARC",NULL,NULL,"prolific_studyid_677d3c67a9f6dd8ace27f599","1979",NULL,NULL,NULL,NULL,NULL,NULL,NULL,NULL,NULL,NULL
"153","2025-01-20 10:18:01","prolific_sessionid_678e14bdfeba83a669c84962_pid_678e14c97304c7.33831494",NULL,NULL,"1","AmbiguousARC",NULL,NULL,"prolific_studyid_677d3c67a9f6dd8ace27f599","1986",NULL,NULL,NULL,NULL,NULL,NULL,NULL,NULL,NULL,NULL
"152","2025-01-20 10:17:52","prolific_sessionid_678e14b30d5bd20c3e3e05cc_pid_678e14c0d8d1b3.74616424",NULL,NULL,"1","AmbiguousARC",NULL,NULL,"prolific_studyid_677d3c67a9f6dd8ace27f599","2009",NULL,NULL,NULL,NULL,NULL,NULL,NULL,NULL,NULL,NULL
"151","2025-01-20 10:17:51","prolific_sessionid_678e14a96a08e1ed0b4c5516_pid_678e14bf3d3a00.87443906",NULL,NULL,"1","AmbiguousARC",NULL,NULL,"prolific_studyid_677d3c67a9f6dd8ace27f599","1998",NULL,NULL,NULL,NULL,NULL,NULL,NULL,NULL,NULL,NULL
"150","2025-01-20 10:17:46","prolific_sessionid_678e14b142c646cbc8ae99ea_pid_678e14ba2181c8.36123672",NULL,NULL,"1","AmbiguousARC",NULL,NULL,"prolific_studyid_677d3c67a9f6dd8ace27f599","1977",NULL,NULL,NULL,NULL,NULL,NULL,NULL,NULL,NULL,NULL
"149","2025-01-20 10:17:31","prolific_sessionid_678e14a04e2b9a6612355186_pid_678e14abd64728.22870847",NULL,NULL,"1","AmbiguousARC",NULL,NULL,"prolific_studyid_677d3c67a9f6dd8ace27f599","1994",NULL,NULL,NULL,NULL,NULL,NULL,NULL,NULL,NULL,NULL
"148","2025-01-20 10:17:26","prolific_sessionid_678e13679eaa2e0e4e5bb847_pid_678e14a611d3a2.42285068",NULL,NULL,"1","AmbiguousARC",NULL,NULL,"prolific_studyid_677d3c67a9f6dd8ace27f599","2009",NULL,NULL,NULL,NULL,NULL,NULL,NULL,NULL,NULL,NULL
"147","2025-01-20 10:17:16","prolific_sessionid_045P931KYwh8AP53T16u350I_pid_678e149c752097.42421795",NULL,NULL,"0","AmbiguousARC",NULL,NULL,"prolific_studyid_502l7R93N0U1fY5WxZ04H785",NULL,NULL,NULL,NULL,NULL,NULL,NULL,NULL,NULL,NULL,NULL
"146","2025-01-20 10:17:13","prolific_sessionid_678e145acfd5de58b29e209c_pid_678e14992f0474.27252460",NULL,NULL,"1","AmbiguousARC",NULL,NULL,"prolific_studyid_677d3c67a9f6dd8ace27f599","1972",NULL,NULL,NULL,NULL,NULL,NULL,NULL,NULL,NULL,NULL
"145","2025-01-20 10:17:01","prolific_sessionid_678e148642c646cbc8ae99dc_pid_678e148d6270b7.12191012",NULL,NULL,"1","AmbiguousARC",NULL,NULL,"prolific_studyid_677d3c67a9f6dd8ace27f599","1986",NULL,NULL,NULL,NULL,NULL,NULL,NULL,NULL,NULL,NULL
"144","2025-01-20 10:17:00","prolific_sessionid_678e147579b6943d79340b89_pid_678e148c92d1b2.76223790",NULL,NULL,"1","AmbiguousARC",NULL,NULL,"prolific_studyid_677d3c67a9f6dd8ace27f599","1954",NULL,NULL,NULL,NULL,NULL,NULL,NULL,NULL,NULL,NULL
"143","2025-01-20 10:16:55","prolific_sessionid_678e1465f5e8e4a507ddef8a_pid_678e148747b078.86097109",NULL,NULL,"1","AmbiguousARC",NULL,NULL,"prolific_studyid_677d3c67a9f6dd8ace27f599","2009",NULL,NULL,NULL,NULL,NULL,NULL,NULL,NULL,NULL,NULL
"142","2025-01-20 10:16:40","prolific_sessionid_678e146c0a0629b8cc84c065_pid_678e1478ac6f01.86656959",NULL,NULL,"1","AmbiguousARC",NULL,NULL,"prolific_studyid_677d3c67a9f6dd8ace27f599","1971",NULL,NULL,NULL,NULL,NULL,NULL,NULL,NULL,NULL,NULL
"141","2025-01-20 10:16:32","prolific_sessionid_678e1468fe57b3d7c22dfcbc_pid_678e14703cf609.87576257",NULL,NULL,"1","AmbiguousARC",NULL,NULL,"prolific_studyid_677d3c67a9f6dd8ace27f599","1966",NULL,NULL,NULL,NULL,NULL,NULL,NULL,NULL,NULL,NULL
"140","2025-01-20 10:16:24","prolific_sessionid_678e145908b0f198ed9e20b9_pid_678e14680cfb10.98592331",NULL,NULL,"1","AmbiguousARC",NULL,NULL,"prolific_studyid_677d3c67a9f6dd8ace27f599","2009",NULL,NULL,NULL,NULL,NULL,NULL,NULL,NULL,NULL,NULL
"139","2025-01-20 10:16:12","prolific_sessionid_678e144248bde97a804c5520_pid_678e145cb78427.09803770",NULL,NULL,"1","AmbiguousARC",NULL,NULL,"prolific_studyid_677d3c67a9f6dd8ace27f599","1993",NULL,NULL,NULL,NULL,NULL,NULL,NULL,NULL,NULL,NULL
"138","2025-01-20 10:16:07","prolific_sessionid_678e140305fcff35ca80c24c_pid_678e1457f367c5.77716188",NULL,NULL,"1","AmbiguousARC",NULL,NULL,"prolific_studyid_677d3c67a9f6dd8ace27f599","2009",NULL,NULL,NULL,NULL,NULL,NULL,NULL,NULL,NULL,NULL
"137","2025-01-20 10:16:02","prolific_sessionid_678e14490f169f9ee81e937b_pid_678e14521e0528.21225490",NULL,NULL,"1","AmbiguousARC",NULL,NULL,"prolific_studyid_677d3c67a9f6dd8ace27f599","1969",NULL,NULL,NULL,NULL,NULL,NULL,NULL,NULL,NULL,NULL
"136","2025-01-20 10:14:55","prolific_sessionid_678e13fc7bf3848baf3a9622_pid_678e140f2f4113.65340904",NULL,NULL,"1","AmbiguousARC",NULL,NULL,"prolific_studyid_677d3c67a9f6dd8ace27f599","2009",NULL,NULL,NULL,NULL,NULL,NULL,NULL,NULL,NULL,NULL
"135","2025-01-20 10:14:46","prolific_sessionid_678e13ff60c3d506f608c5b3_pid_678e14066a55c5.18909335",NULL,NULL,"1","AmbiguousARC",NULL,NULL,"prolific_studyid_677d3c67a9f6dd8ace27f599","1964",NULL,NULL,NULL,NULL,NULL,NULL,NULL,NULL,NULL,NULL
"134","2025-01-20 10:14:42","prolific_sessionid_678e12dcf2077668841427d6_pid_678e14027a7db3.57667258",NULL,NULL,"1","AmbiguousARC",NULL,NULL,"prolific_studyid_677d3c67a9f6dd8ace27f599","1970",NULL,NULL,NULL,NULL,NULL,NULL,NULL,NULL,NULL,NULL
"132","2025-01-20 10:14:40","prolific_sessionid_678e129e7b18d84c8cbb0cc7_pid_678e14001edfb8.81252563",NULL,NULL,"1","AmbiguousARC",NULL,NULL,"prolific_studyid_677d3c67a9f6dd8ace27f599","2009",NULL,NULL,NULL,NULL,NULL,NULL,NULL,NULL,NULL,NULL
"133","2025-01-20 10:14:40","prolific_sessionid_678e13f938ee333775bb0d1c_pid_678e140036cd76.12154212",NULL,NULL,"1","AmbiguousARC",NULL,NULL,"prolific_studyid_677d3c67a9f6dd8ace27f599","2009",NULL,NULL,NULL,NULL,NULL,NULL,NULL,NULL,NULL,NULL
"131","2025-01-20 10:14:30","prolific_sessionid_678e13e679b6943d79340b5e_pid_678e13f690f365.28252341",NULL,NULL,"1","AmbiguousARC",NULL,NULL,"prolific_studyid_677d3c67a9f6dd8ace27f599","1954",NULL,NULL,NULL,NULL,NULL,NULL,NULL,NULL,NULL,NULL
"130","2025-01-20 10:14:23","prolific_sessionid_678e1385fe57b3d7c22dfc6b_pid_678e13efa31dd8.29827098",NULL,NULL,"1","AmbiguousARC",NULL,NULL,"prolific_studyid_677d3c67a9f6dd8ace27f599","1994",NULL,NULL,NULL,NULL,NULL,NULL,NULL,NULL,NULL,NULL
"129","2025-01-20 10:14:08","prolific_sessionid_678e13d0ff92f1cd2c1e93ea_pid_678e13e00258e3.70273187",NULL,NULL,"1","AmbiguousARC",NULL,NULL,"prolific_studyid_677d3c67a9f6dd8ace27f599","1993",NULL,NULL,NULL,NULL,NULL,NULL,NULL,NULL,NULL,NULL
"128","2025-01-20 10:14:06","prolific_sessionid_678e13db3849ced51e20152b_pid_678e13debc5158.52405392",NULL,NULL,"1","AmbiguousARC",NULL,NULL,"prolific_studyid_677d3c67a9f6dd8ace27f599","1990",NULL,NULL,NULL,NULL,NULL,NULL,NULL,NULL,NULL,NULL
"127","2025-01-20 10:14:05","prolific_sessionid_678e13cf080c0d7b16733a99_pid_678e13ddf02f46.57288818",NULL,NULL,"1","AmbiguousARC",NULL,NULL,"prolific_studyid_677d3c67a9f6dd8ace27f599","1976",NULL,NULL,NULL,NULL,NULL,NULL,NULL,NULL,NULL,NULL
"126","2025-01-20 10:13:56","prolific_sessionid_678e13cc79b6943d79340b50_pid_678e13d4c14184.59145694",NULL,NULL,"1","AmbiguousARC",NULL,NULL,"prolific_studyid_677d3c67a9f6dd8ace27f599","2009",NULL,NULL,NULL,NULL,NULL,NULL,NULL,NULL,NULL,NULL
"125","2025-01-20 10:13:52","prolific_sessionid_678e13be95276ccc0808c509_pid_678e13d06d1e99.42538911",NULL,NULL,"1","AmbiguousARC",NULL,NULL,"prolific_studyid_677d3c67a9f6dd8ace27f599","1973",NULL,NULL,NULL,NULL,NULL,NULL,NULL,NULL,NULL,NULL
"124","2025-01-20 10:13:36","prolific_sessionid_678e13a14e2b9a661235512e_pid_678e13c07c07c6.19629997",NULL,NULL,"1","AmbiguousARC",NULL,NULL,"prolific_studyid_677d3c67a9f6dd8ace27f599","1996",NULL,NULL,NULL,NULL,NULL,NULL,NULL,NULL,NULL,NULL
"123","2025-01-20 10:13:21","prolific_sessionid_678e11919f34102cbf2dfb98_pid_678e13b18766a5.42088295",NULL,NULL,"0","AmbiguousARC",NULL,NULL,"prolific_studyid_677d3c67a9f6dd8ace27f599",NULL,NULL,NULL,NULL,NULL,NULL,NULL,NULL,NULL,NULL,NULL
"122","2025-01-20 10:13:10","prolific_sessionid_678e11890ea142d7c01ad35e_pid_678e13a6074ad8.37919717",NULL,NULL,"1","AmbiguousARC",NULL,NULL,"prolific_studyid_677d3c67a9f6dd8ace27f599","1970",NULL,NULL,NULL,NULL,NULL,NULL,NULL,NULL,NULL,NULL
"121","2025-01-20 10:13:09","prolific_sessionid_678e138b101d5f3e8e6533aa_pid_678e13a57cff16.53044960",NULL,NULL,"1","AmbiguousARC",NULL,NULL,"prolific_studyid_677d3c67a9f6dd8ace27f599","1973",NULL,NULL,NULL,NULL,NULL,NULL,NULL,NULL,NULL,NULL
"120","2025-01-20 10:13:03","prolific_sessionid_678e138a3b2e9f04fdcdf419_pid_678e139fc06526.26567528",NULL,NULL,"1","AmbiguousARC",NULL,NULL,"prolific_studyid_677d3c67a9f6dd8ace27f599","1987",NULL,NULL,NULL,NULL,NULL,NULL,NULL,NULL,NULL,NULL
"119","2025-01-20 10:13:01","prolific_sessionid_678e139293ccb47546151d48_pid_678e139d2f2302.90044434",NULL,NULL,"1","AmbiguousARC",NULL,NULL,"prolific_studyid_677d3c67a9f6dd8ace27f599","2009",NULL,NULL,NULL,NULL,NULL,NULL,NULL,NULL,NULL,NULL
"118","2025-01-20 10:12:51","prolific_sessionid_678e13890ea142d7c01ad3ee_pid_678e1393f27695.12590966",NULL,NULL,"1","AmbiguousARC",NULL,NULL,"prolific_studyid_677d3c67a9f6dd8ace27f599","2003",NULL,NULL,NULL,NULL,NULL,NULL,NULL,NULL,NULL,NULL
"117","2025-01-20 10:12:49","prolific_sessionid_678e13822a9a35c05fa0f9eb_pid_678e13910c97b2.30458922",NULL,NULL,"1","AmbiguousARC",NULL,NULL,"prolific_studyid_677d3c67a9f6dd8ace27f599","1968",NULL,NULL,NULL,NULL,NULL,NULL,NULL,NULL,NULL,NULL
"116","2025-01-20 10:12:43","prolific_sessionid_678e13763fdd3480f7a0f9c0_pid_678e138b5c5061.57870781",NULL,NULL,"1","AmbiguousARC",NULL,NULL,"prolific_studyid_677d3c67a9f6dd8ace27f599","1958",NULL,NULL,NULL,NULL,NULL,NULL,NULL,NULL,NULL,NULL
"115","2025-01-20 10:12:27","prolific_sessionid_678e137226135902dd733a87_pid_678e137b274212.21951019",NULL,NULL,"1","AmbiguousARC",NULL,NULL,"prolific_studyid_677d3c67a9f6dd8ace27f599","1984",NULL,NULL,NULL,NULL,NULL,NULL,NULL,NULL,NULL,NULL
"114","2025-01-20 10:12:24","prolific_sessionid_678e13720ea142d7c01ad3e4_pid_678e1378463d76.03266540",NULL,NULL,"1","AmbiguousARC",NULL,NULL,"prolific_studyid_677d3c67a9f6dd8ace27f599","1998",NULL,NULL,NULL,NULL,NULL,NULL,NULL,NULL,NULL,NULL
"113","2025-01-20 10:12:05","prolific_sessionid_678e13609f34102cbf2dfc63_pid_678e13653afa69.39967854",NULL,NULL,"1","AmbiguousARC",NULL,NULL,"prolific_studyid_677d3c67a9f6dd8ace27f599","1964",NULL,NULL,NULL,NULL,NULL,NULL,NULL,NULL,NULL,NULL
"112","2025-01-20 10:12:01","prolific_sessionid_678e1356ba07827e775bb7ff_pid_678e136155d067.64075071",NULL,NULL,"1","AmbiguousARC",NULL,NULL,"prolific_studyid_677d3c67a9f6dd8ace27f599","2009",NULL,NULL,NULL,NULL,NULL,NULL,NULL,NULL,NULL,NULL
"111","2025-01-20 10:11:42","prolific_sessionid_678e13351d428861dc89b1a7_pid_678e134e2fa763.54784025",NULL,NULL,"1","AmbiguousARC",NULL,NULL,"prolific_studyid_677d3c67a9f6dd8ace27f599","1989",NULL,NULL,NULL,NULL,NULL,NULL,NULL,NULL,NULL,NULL
"110","2025-01-20 10:11:08","prolific_sessionid_678e13293849ced51e2014ef_pid_678e132ca94685.67670501",NULL,NULL,"1","AmbiguousARC",NULL,NULL,"prolific_studyid_677d3c67a9f6dd8ace27f599","1998",NULL,NULL,NULL,NULL,NULL,NULL,NULL,NULL,NULL,NULL
"109","2025-01-20 10:11:00","prolific_sessionid_678e130d1d428861dc89b196_pid_678e1324059892.40788895",NULL,NULL,"1","AmbiguousARC",NULL,NULL,"prolific_studyid_677d3c67a9f6dd8ace27f599","1984",NULL,NULL,NULL,NULL,NULL,NULL,NULL,NULL,NULL,NULL
"108","2025-01-20 10:10:59","prolific_sessionid_678e130843db014dcc7b2343_pid_678e1323a92cf8.80878336",NULL,NULL,"1","AmbiguousARC",NULL,NULL,"prolific_studyid_677d3c67a9f6dd8ace27f599","1985",NULL,NULL,NULL,NULL,NULL,NULL,NULL,NULL,NULL,NULL
"107","2025-01-20 10:10:38","prolific_sessionid_045P93J4Y2h8A953T160t500_pid_678e130ea31c93.01649389",NULL,NULL,"0","AmbiguousARC",NULL,NULL,"prolific_studyid_502l7R93N0U1fY5WxZ04H785",NULL,NULL,NULL,NULL,NULL,NULL,NULL,NULL,NULL,NULL,NULL
"106","2025-01-20 10:10:31","prolific_sessionid_678e10f8d1f2c334c965d891_pid_678e130778e7a7.14232183",NULL,NULL,"1","AmbiguousARC",NULL,NULL,"prolific_studyid_677d3c67a9f6dd8ace27f599","2009",NULL,NULL,NULL,NULL,NULL,NULL,NULL,NULL,NULL,NULL
"105","2025-01-20 10:10:22","prolific_sessionid_678e12f89aa62703c6a4a4d6_pid_678e12feafddc1.90877212",NULL,NULL,"1","AmbiguousARC",NULL,NULL,"prolific_studyid_677d3c67a9f6dd8ace27f599","1991",NULL,NULL,NULL,NULL,NULL,NULL,NULL,NULL,NULL,NULL
"104","2025-01-20 10:10:11","prolific_sessionid_678e1253fe57b3d7c22dfc13_pid_678e12f3e3cb31.06830085",NULL,NULL,"1","AmbiguousARC",NULL,NULL,"prolific_studyid_677d3c67a9f6dd8ace27f599","2009",NULL,NULL,NULL,NULL,NULL,NULL,NULL,NULL,NULL,NULL
"103","2025-01-20 10:09:48","prolific_sessionid_678e12b33849ced51e2014ae_pid_678e12dc26b9c7.24313330",NULL,NULL,"1","AmbiguousARC",NULL,NULL,"prolific_studyid_677d3c67a9f6dd8ace27f599","2009",NULL,NULL,NULL,NULL,NULL,NULL,NULL,NULL,NULL,NULL
"102","2025-01-20 10:09:34","prolific_sessionid_678e12c2dc2abed4311ad3e3_pid_678e12cecc1835.32997415",NULL,NULL,"1","AmbiguousARC",NULL,NULL,"prolific_studyid_677d3c67a9f6dd8ace27f599","2009",NULL,NULL,NULL,NULL,NULL,NULL,NULL,NULL,NULL,NULL
"101","2025-01-20 10:09:30","prolific_sessionid_678e12b6ad94a580e7a4a529_pid_678e12ca2ecb29.44038504",NULL,NULL,"1","AmbiguousARC",NULL,NULL,"prolific_studyid_677d3c67a9f6dd8ace27f599","1963",NULL,NULL,NULL,NULL,NULL,NULL,NULL,NULL,NULL,NULL
"100","2025-01-20 10:09:17","prolific_sessionid_678e12b88edbb57c806532e5_pid_678e12bdac6e78.82577014",NULL,NULL,"1","AmbiguousARC",NULL,NULL,"prolific_studyid_677d3c67a9f6dd8ace27f599","1985",NULL,NULL,NULL,NULL,NULL,NULL,NULL,NULL,NULL,NULL
"98","2025-01-20 10:08:58","prolific_sessionid_678e129b1d428861dc89b168_pid_678e12aa7711c5.13535989",NULL,NULL,"1","AmbiguousARC",NULL,NULL,"prolific_studyid_677d3c67a9f6dd8ace27f599","1958",NULL,NULL,NULL,NULL,NULL,NULL,NULL,NULL,NULL,NULL
"99","2025-01-20 10:08:58","prolific_sessionid_678e129afa4dbab5c4b64751_pid_678e12aa80f581.49166977",NULL,NULL,"1","AmbiguousARC",NULL,NULL,"prolific_studyid_677d3c67a9f6dd8ace27f599","2009",NULL,NULL,NULL,NULL,NULL,NULL,NULL,NULL,NULL,NULL
"97","2025-01-20 10:08:50","prolific_sessionid_678e128d3b2e9f04fdcdf391_pid_678e12a25607d9.31911940",NULL,NULL,"1","AmbiguousARC",NULL,NULL,"prolific_studyid_677d3c67a9f6dd8ace27f599","1958",NULL,NULL,NULL,NULL,NULL,NULL,NULL,NULL,NULL,NULL
"96","2025-01-20 10:08:40","prolific_sessionid_678e11919f34102cbf2dfb98_pid_678e12986115c6.10509535",NULL,NULL,"1","AmbiguousARC",NULL,NULL,"prolific_studyid_677d3c67a9f6dd8ace27f599","2009",NULL,NULL,NULL,NULL,NULL,NULL,NULL,NULL,NULL,NULL
"95","2025-01-20 10:08:34","prolific_sessionid_678e1273adceae286472045d_pid_678e12923b3050.45876692",NULL,NULL,"0","AmbiguousARC",NULL,NULL,"prolific_studyid_677d3c67a9f6dd8ace27f599",NULL,NULL,NULL,NULL,NULL,NULL,NULL,NULL,NULL,NULL,NULL
"94","2025-01-20 10:08:26","prolific_sessionid_678e12796a08e1ed0b4c546a_pid_678e128a393047.49667892",NULL,NULL,"1","AmbiguousARC",NULL,NULL,"prolific_studyid_677d3c67a9f6dd8ace27f599","2009",NULL,NULL,NULL,NULL,NULL,NULL,NULL,NULL,NULL,NULL
"92","2025-01-20 10:08:25","prolific_sessionid_678e1278bf15d75e869ea536_pid_678e1289a13d62.08836264",NULL,NULL,"1","AmbiguousARC",NULL,NULL,"prolific_studyid_677d3c67a9f6dd8ace27f599","1967",NULL,NULL,NULL,NULL,NULL,NULL,NULL,NULL,NULL,NULL
"93","2025-01-20 10:08:25","prolific_sessionid_678e127b05fcff35ca80c1c6_pid_678e1289b8f7e6.82895371",NULL,NULL,"1","AmbiguousARC",NULL,NULL,"prolific_studyid_677d3c67a9f6dd8ace27f599","1995",NULL,NULL,NULL,NULL,NULL,NULL,NULL,NULL,NULL,NULL
"91","2025-01-20 10:08:18","prolific_sessionid_678e126e87edf4a522d4e249_pid_678e1282b47289.34196891",NULL,NULL,"1","AmbiguousARC",NULL,NULL,"prolific_studyid_677d3c67a9f6dd8ace27f599","1975",NULL,NULL,NULL,NULL,NULL,NULL,NULL,NULL,NULL,NULL
"90","2025-01-20 10:07:55","prolific_sessionid_678e11a3d6c427db90ed845a_pid_678e126b4c2ca7.17764832",NULL,NULL,"1","AmbiguousARC",NULL,NULL,"prolific_studyid_677d3c67a9f6dd8ace27f599","1984",NULL,NULL,NULL,NULL,NULL,NULL,NULL,NULL,NULL,NULL
"89","2025-01-20 10:07:42","prolific_sessionid_678e12340d5bd20c3e3e04eb_pid_678e125eb3a1d8.57341477",NULL,NULL,"1","AmbiguousARC",NULL,NULL,"prolific_studyid_677d3c67a9f6dd8ace27f599","2000",NULL,NULL,NULL,NULL,NULL,NULL,NULL,NULL,NULL,NULL
"88","2025-01-20 10:07:39","prolific_sessionid_678e124ed86611d4edc47567_pid_678e125b1051e0.15368751",NULL,NULL,"1","AmbiguousARC",NULL,NULL,"prolific_studyid_677d3c67a9f6dd8ace27f599","1976",NULL,NULL,NULL,NULL,NULL,NULL,NULL,NULL,NULL,NULL
"87","2025-01-20 10:07:38","prolific_sessionid_678e124c88c041babaae98fd_pid_678e125aaf60a6.63612678",NULL,NULL,"1","AmbiguousARC",NULL,NULL,"prolific_studyid_677d3c67a9f6dd8ace27f599","1971",NULL,NULL,NULL,NULL,NULL,NULL,NULL,NULL,NULL,NULL
"86","2025-01-20 10:07:27","prolific_sessionid_678e1202080c0d7b167339f0_pid_678e124f81af70.89915087",NULL,NULL,"1","AmbiguousARC",NULL,NULL,"prolific_studyid_677d3c67a9f6dd8ace27f599","2009",NULL,NULL,NULL,NULL,NULL,NULL,NULL,NULL,NULL,NULL
"85","2025-01-20 10:07:23","prolific_sessionid_678e1240b749d640fdd4e230_pid_678e124b8689d7.80708198",NULL,NULL,"1","AmbiguousARC",NULL,NULL,"prolific_studyid_677d3c67a9f6dd8ace27f599","1968",NULL,NULL,NULL,NULL,NULL,NULL,NULL,NULL,NULL,NULL
"84","2025-01-20 10:07:15","prolific_sessionid_678e11b2fa4dbab5c4b64708_pid_678e12433d0bf5.66944810",NULL,NULL,"1","AmbiguousARC",NULL,NULL,"prolific_studyid_677d3c67a9f6dd8ace27f599","2009",NULL,NULL,NULL,NULL,NULL,NULL,NULL,NULL,NULL,NULL
"83","2025-01-20 10:07:13","prolific_sessionid_678e12387bf3848baf3a957e_pid_678e124177e678.22837450",NULL,NULL,"1","AmbiguousARC",NULL,NULL,"prolific_studyid_677d3c67a9f6dd8ace27f599","1971",NULL,NULL,NULL,NULL,NULL,NULL,NULL,NULL,NULL,NULL
"82","2025-01-20 10:06:47","prolific_sessionid_678e121d3849ced51e201474_pid_678e1227c3a261.52385473",NULL,NULL,"1","AmbiguousARC",NULL,NULL,"prolific_studyid_677d3c67a9f6dd8ace27f599","2009",NULL,NULL,NULL,NULL,NULL,NULL,NULL,NULL,NULL,NULL
"81","2025-01-20 10:06:38","prolific_sessionid_678e120c1bb213c6fad4885a_pid_678e121e6fce78.53458935",NULL,NULL,"1","AmbiguousARC",NULL,NULL,"prolific_studyid_677d3c67a9f6dd8ace27f599","2009",NULL,NULL,NULL,NULL,NULL,NULL,NULL,NULL,NULL,NULL
"80","2025-01-20 10:06:19","prolific_sessionid_678e11a7bf15d75e869ea4cd_pid_678e120b6d84e2.02030928",NULL,NULL,"1","AmbiguousARC",NULL,NULL,"prolific_studyid_677d3c67a9f6dd8ace27f599","2000",NULL,NULL,NULL,NULL,NULL,NULL,NULL,NULL,NULL,NULL
"78","2025-01-20 10:05:24","prolific_sessionid_678e11cb3849ced51e20145a_pid_678e11d4ade2b0.05103534",NULL,NULL,"1","AmbiguousARC",NULL,NULL,"prolific_studyid_677d3c67a9f6dd8ace27f599","1960",NULL,NULL,NULL,NULL,NULL,NULL,NULL,NULL,NULL,NULL
"79","2025-01-20 10:05:24","prolific_sessionid_678e116d9aa62703c6a4a47b_pid_678e11d4cd5f12.61723558",NULL,NULL,"1","AmbiguousARC",NULL,NULL,"prolific_studyid_677d3c67a9f6dd8ace27f599","2009",NULL,NULL,NULL,NULL,NULL,NULL,NULL,NULL,NULL,NULL
"77","2025-01-20 10:04:33","prolific_sessionid_678e119a12fdf8d95c2b322e_pid_678e11a1318705.30966191",NULL,NULL,"1","AmbiguousARC",NULL,NULL,"prolific_studyid_677d3c67a9f6dd8ace27f599","2001",NULL,NULL,NULL,NULL,NULL,NULL,NULL,NULL,NULL,NULL
"76","2025-01-20 10:04:17","prolific_sessionid_678e118176716506f9340a66_pid_678e11916e2c63.84520292",NULL,NULL,"1","AmbiguousARC",NULL,NULL,"prolific_studyid_677d3c67a9f6dd8ace27f599","2009",NULL,NULL,NULL,NULL,NULL,NULL,NULL,NULL,NULL,NULL
"75","2025-01-20 10:04:02","prolific_sessionid_678e116d9aa62703c6a4a47b_pid_678e1182b446b0.01634161",NULL,NULL,"0","AmbiguousARC",NULL,NULL,"prolific_studyid_677d3c67a9f6dd8ace27f599",NULL,NULL,NULL,NULL,NULL,NULL,NULL,NULL,NULL,NULL,NULL
"74","2025-01-20 10:03:41","prolific_sessionid_678e11057bf3848baf3a951f_pid_678e116d30d240.45076704",NULL,NULL,"1","AmbiguousARC",NULL,NULL,"prolific_studyid_677d3c67a9f6dd8ace27f599","2000",NULL,NULL,NULL,NULL,NULL,NULL,NULL,NULL,NULL,NULL
"73","2025-01-20 10:03:32","prolific_sessionid_678e1018482a22cff9ead5ce_pid_678e11645011a6.04105355",NULL,NULL,"1","AmbiguousARC",NULL,NULL,"prolific_studyid_677d3c67a9f6dd8ace27f599","1997",NULL,NULL,NULL,NULL,NULL,NULL,NULL,NULL,NULL,NULL
"72","2025-01-20 10:02:01","prolific_sessionid_678e110376716506f9340a47_pid_678e11099f0bf4.46078775",NULL,NULL,"1","AmbiguousARC",NULL,NULL,"prolific_studyid_677d3c67a9f6dd8ace27f599","2009",NULL,NULL,NULL,NULL,NULL,NULL,NULL,NULL,NULL,NULL
"71","2025-01-20 10:01:53","prolific_sessionid_678e10fdba07827e775bb73a_pid_678e1101674e67.36856008",NULL,NULL,"1","AmbiguousARC",NULL,NULL,"prolific_studyid_677d3c67a9f6dd8ace27f599","1985",NULL,NULL,NULL,NULL,NULL,NULL,NULL,NULL,NULL,NULL
"70","2025-01-20 10:01:38","prolific_sessionid_678e10e6a923f7743dc474d7_pid_678e10f22a8044.86691669",NULL,NULL,"1","AmbiguousARC",NULL,NULL,"prolific_studyid_677d3c67a9f6dd8ace27f599","1968",NULL,NULL,NULL,NULL,NULL,NULL,NULL,NULL,NULL,NULL
"69","2025-01-20 10:01:31","prolific_sessionid_678e10e442c646cbc8ae9885_pid_678e10ebd0c6a9.37305146",NULL,NULL,"1","AmbiguousARC",NULL,NULL,"prolific_studyid_677d3c67a9f6dd8ace27f599","1986",NULL,NULL,NULL,NULL,NULL,NULL,NULL,NULL,NULL,NULL
"68","2025-01-20 10:01:28","prolific_sessionid_678e0f96e345f18e9b90ddb6_pid_678e10e87e16c1.85534919",NULL,NULL,"1","AmbiguousARC",NULL,NULL,"prolific_studyid_677d3c67a9f6dd8ace27f599","2006",NULL,NULL,NULL,NULL,NULL,NULL,NULL,NULL,NULL,NULL
"67","2025-01-20 10:00:54","prolific_sessionid_678e109abf15d75e869ea476_pid_678e10c6e1f026.74177417",NULL,NULL,"1","AmbiguousARC",NULL,NULL,"prolific_studyid_677d3c67a9f6dd8ace27f599","1979",NULL,NULL,NULL,NULL,NULL,NULL,NULL,NULL,NULL,NULL
"66","2025-01-20 10:00:52","prolific_sessionid_678e10b3d1264f3e29b3b02b_pid_678e10c4745ca1.76112371",NULL,NULL,"1","AmbiguousARC",NULL,NULL,"prolific_studyid_677d3c67a9f6dd8ace27f599","1967",NULL,NULL,NULL,NULL,NULL,NULL,NULL,NULL,NULL,NULL
"65","2025-01-20 10:00:25","prolific_sessionid_678e1097c9de40d85a988aa4_pid_678e10a99a4fb6.06123633",NULL,NULL,"1","AmbiguousARC",NULL,NULL,"prolific_studyid_677d3c67a9f6dd8ace27f599","2009",NULL,NULL,NULL,NULL,NULL,NULL,NULL,NULL,NULL,NULL
"64","2025-01-20 09:58:50","prolific_sessionid_678e1032c54609ecc97203a2_pid_678e104a57cf25.97743435",NULL,NULL,"1","AmbiguousARC",NULL,NULL,"prolific_studyid_677d3c67a9f6dd8ace27f599","1997",NULL,NULL,NULL,NULL,NULL,NULL,NULL,NULL,NULL,NULL
"63","2025-01-20 09:58:08","prolific_sessionid_678e1015fe57b3d7c22dfb31_pid_678e1020b98832.15416874",NULL,NULL,"1","AmbiguousARC",NULL,NULL,"prolific_studyid_677d3c67a9f6dd8ace27f599","2009",NULL,NULL,NULL,NULL,NULL,NULL,NULL,NULL,NULL,NULL
"62","2025-01-20 09:57:31","prolific_sessionid_678e0fea79b9debadfddee39_pid_678e0ffb0de143.91944128",NULL,NULL,"1","AmbiguousARC",NULL,NULL,"prolific_studyid_677d3c67a9f6dd8ace27f599","1986",NULL,NULL,NULL,NULL,NULL,NULL,NULL,NULL,NULL,NULL
"61","2025-01-20 09:57:09","prolific_sessionid_678e0fcd673a68891284fbe0_pid_678e0fe5416f31.83569902",NULL,NULL,"1","AmbiguousARC",NULL,NULL,"prolific_studyid_677d3c67a9f6dd8ace27f599","2009",NULL,NULL,NULL,NULL,NULL,NULL,NULL,NULL,NULL,NULL
"60","2025-01-20 09:56:39","prolific_sessionid_678e0f7b6e61f14088b0e8c4_pid_678e0fc7a04a62.02863568",NULL,NULL,"0","AmbiguousARC",NULL,NULL,"prolific_studyid_677d3c67a9f6dd8ace27f599",NULL,NULL,NULL,NULL,NULL,NULL,NULL,NULL,NULL,NULL,NULL
"59","2025-01-20 09:55:48","prolific_sessionid_678e0f8d7d8e8a14d6c7cd6a_pid_678e0f94107ab8.97926475",NULL,NULL,"1","AmbiguousARC",NULL,NULL,"prolific_studyid_677d3c67a9f6dd8ace27f599","1971",NULL,NULL,NULL,NULL,NULL,NULL,NULL,NULL,NULL,NULL
"58","2025-01-20 09:55:15","prolific_sessionid_678e0f5f61b7841812ba9ec9_pid_678e0f731e4676.10365718",NULL,NULL,"1","AmbiguousARC",NULL,NULL,"prolific_studyid_677d3c67a9f6dd8ace27f599","2009",NULL,NULL,NULL,NULL,NULL,NULL,NULL,NULL,NULL,NULL
"57","2025-01-20 09:52:38","prolific_sessionid_678e0e83661d68ceb92c7adc_pid_678e0ed6793d36.11747949",NULL,NULL,"1","AmbiguousARC",NULL,NULL,"prolific_studyid_677d3c67a9f6dd8ace27f599","1966",NULL,NULL,NULL,NULL,NULL,NULL,NULL,NULL,NULL,NULL
"56","2025-01-20 09:50:46","prolific_sessionid_678e0e5e7437ed9bb7feb8ba_pid_678e0e66e7fe46.48105288",NULL,NULL,"1","AmbiguousARC",NULL,NULL,"prolific_studyid_677d3c67a9f6dd8ace27f599","1982",NULL,NULL,NULL,NULL,NULL,NULL,NULL,NULL,NULL,NULL
"55","2025-01-20 09:47:38","prolific_sessionid_678e0d8fa4b380f70ed9643b_pid_678e0daa33b070.36563792",NULL,NULL,"1","AmbiguousARC",NULL,NULL,"prolific_studyid_677d3c67a9f6dd8ace27f599","2009",NULL,NULL,NULL,NULL,NULL,NULL,NULL,NULL,NULL,NULL
"54","2025-01-20 09:45:49","prolific_sessionid_678e0d34bfb35730bf5b3e44_pid_678e0d3d050ac8.98823582",NULL,NULL,"1","AmbiguousARC",NULL,NULL,"prolific_studyid_677d3c67a9f6dd8ace27f599","1961",NULL,NULL,NULL,NULL,NULL,NULL,NULL,NULL,NULL,NULL
"53","2025-01-15 13:45:43","test6787adf7ca2934.82661227",NULL,NULL,"1","AmbiguousARC",NULL,NULL,"test6787adf7ca2934.82661227","2009",NULL,NULL,NULL,NULL,NULL,NULL,NULL,NULL,NULL,NULL
"52","2025-01-15 13:17:28","test6787a758a8c080.54313505",NULL,NULL,"1","AmbiguousARC",NULL,NULL,"test6787a758a8c080.54313505","2009",NULL,NULL,NULL,NULL,NULL,NULL,NULL,NULL,NULL,NULL
"51","2025-01-15 13:10:11","test6787a5a31a5de6.49103213",NULL,NULL,"1","AmbiguousARC",NULL,NULL,"test6787a5a31a5de6.49103213","2009",NULL,NULL,NULL,NULL,NULL,NULL,NULL,NULL,NULL,NULL
"50","2025-01-15 12:00:21","test67879545aa2b29.41099300",NULL,NULL,"1","AmbiguousARC",NULL,NULL,"test67879545aa2b29.41099300","2009",NULL,NULL,NULL,NULL,NULL,NULL,NULL,NULL,NULL,NULL
"49","2025-01-15 11:59:50","test67879526c19444.38150208",NULL,NULL,"1","AmbiguousARC",NULL,NULL,"test67879526c19444.38150208","2009",NULL,NULL,NULL,NULL,NULL,NULL,NULL,NULL,NULL,NULL
"48","2025-01-15 11:34:39","test67878f3f632642.91943141",NULL,NULL,"1","AmbiguousARC",NULL,NULL,"test67878f3f632642.91943141","2009",NULL,NULL,NULL,NULL,NULL,NULL,NULL,NULL,NULL,NULL
"47","2025-01-15 11:16:43","test67878b0bbd6a10.62101302",NULL,NULL,"1","AmbiguousARC",NULL,NULL,"test67878b0bbd6a10.62101302","2009",NULL,NULL,NULL,NULL,NULL,NULL,NULL,NULL,NULL,NULL
"46","2025-01-14 17:38:50","test6786931a031555.15362178",NULL,NULL,"1","AmbiguousARC",NULL,NULL,"test6786931a031555.15362178","2009",NULL,NULL,NULL,NULL,NULL,NULL,NULL,NULL,NULL,NULL
"45","2025-01-14 17:37:43","test678692d7236760.56609495",NULL,NULL,"1","AmbiguousARC",NULL,NULL,"test678692d7236760.56609495","2009",NULL,NULL,NULL,NULL,NULL,NULL,NULL,NULL,NULL,NULL
"44","2025-01-14 17:37:38","test678692d261bf53.51179341",NULL,NULL,"0","AmbiguousARC",NULL,NULL,"test678692d261bf53.51179341",NULL,NULL,NULL,NULL,NULL,NULL,NULL,NULL,NULL,NULL,NULL
"43","2025-01-14 15:43:50","test67867826167a11.59108979",NULL,NULL,"1","AmbiguousARC",NULL,NULL,"test67867826167a11.59108979","2009",NULL,NULL,NULL,NULL,NULL,NULL,NULL,NULL,NULL,NULL
"42","2025-01-14 15:39:18","test67867716587f17.50299741",NULL,NULL,"1","AmbiguousARC",NULL,NULL,"test67867716587f17.50299741","2001",NULL,NULL,NULL,NULL,NULL,NULL,NULL,NULL,NULL,NULL
"41","2025-01-13 16:01:41","test67852ad57d2863.31276983",NULL,NULL,"1","AmbiguousARC",NULL,NULL,"test67852ad57d2863.31276983","2009",NULL,NULL,NULL,NULL,NULL,NULL,NULL,NULL,NULL,NULL
"40","2025-01-13 13:55:21","prolific_sessionid_67850d285baa9c1f93430933_pid_67850d39134ad4.43864812",NULL,NULL,"1","AmbiguousARC",NULL,NULL,"prolific_studyid_677d3c67a9f6dd8ace27f599","2009",NULL,NULL,NULL,NULL,NULL,NULL,NULL,NULL,NULL,NULL
"39","2025-01-13 13:54:46","prolific_sessionid_67850d09fca02f623f2abc4d_pid_67850d16070b86.31258646",NULL,NULL,"1","AmbiguousARC",NULL,NULL,"prolific_studyid_677d3c67a9f6dd8ace27f599","1997",NULL,NULL,NULL,NULL,NULL,NULL,NULL,NULL,NULL,NULL
"38","2025-01-13 13:53:38","prolific_sessionid_67850cba75da97e15f0c2ec5_pid_67850cd25efa74.60102440",NULL,NULL,"1","AmbiguousARC",NULL,NULL,"prolific_studyid_677d3c67a9f6dd8ace27f599","1999",NULL,NULL,NULL,NULL,NULL,NULL,NULL,NULL,NULL,NULL
"37","2025-01-13 13:53:18","prolific_sessionid_67850cac673dbaaa46236d5f_pid_67850cbef054f8.98643313",NULL,NULL,"1","AmbiguousARC",NULL,NULL,"prolific_studyid_677d3c67a9f6dd8ace27f599","2009",NULL,NULL,NULL,NULL,NULL,NULL,NULL,NULL,NULL,NULL
"36","2025-01-13 13:45:51","prolific_sessionid_0tyvjhwg3x7h_pid_67850aff1008b6.98983365",NULL,NULL,"1","AmbiguousARC",NULL,NULL,"prolific_studyid_677d3c67a9f6dd8ace27f599","2009",NULL,NULL,NULL,NULL,NULL,NULL,NULL,NULL,NULL,NULL
"35","2025-01-13 12:49:37","test6784fdd12dc586.92021077",NULL,NULL,"1","AmbiguousARC",NULL,NULL,"test6784fdd12dc586.92021077","2009",NULL,NULL,NULL,NULL,NULL,NULL,NULL,NULL,NULL,NULL
"34","2025-01-13 12:37:33","test6784fafd5ff002.93340134",NULL,NULL,"0","AmbiguousARC",NULL,NULL,"test6784fafd5ff002.93340134",NULL,NULL,NULL,NULL,NULL,NULL,NULL,NULL,NULL,NULL,NULL
"33","2025-01-13 09:01:50","prolific_sessionid_08tom7x023rk_pid_6784c86ecbd4c9.98798038",NULL,NULL,"1","AmbiguousARC",NULL,NULL,"prolific_studyid_677d3c67a9f6dd8ace27f599","2009",NULL,NULL,NULL,NULL,NULL,NULL,NULL,NULL,NULL,NULL
"32","2025-01-08 17:03:17","test677ea1c57e3228.91548703",NULL,NULL,"1","AmbiguousARC",NULL,NULL,"test677ea1c57e3228.91548703","2009",NULL,NULL,NULL,NULL,NULL,NULL,NULL,NULL,NULL,NULL
"31","2025-01-08 16:55:21","prolific_sessionid_0oze6ghphi3m_pid_677e9fe9673ae9.14226357",NULL,NULL,"1","AmbiguousARC",NULL,NULL,"prolific_studyid_677d3c67a9f6dd8ace27f599","2009",NULL,NULL,NULL,NULL,NULL,NULL,NULL,NULL,NULL,NULL
"30","2025-01-08 16:54:01","prolific_sessionid_0oze6ghphi3m_pid_677e9f99832643.53605063",NULL,NULL,"1","AmbiguousARC",NULL,NULL,"prolific_studyid_677d3c67a9f6dd8ace27f599","2009",NULL,NULL,NULL,NULL,NULL,NULL,NULL,NULL,NULL,NULL
"29","2025-01-08 16:50:56","prolific_sessionid_0oze6ghphi3m_pid_677e9ee09eb913.60248770",NULL,NULL,"1","AmbiguousARC",NULL,NULL,"prolific_studyid_677d3c67a9f6dd8ace27f599","2009",NULL,NULL,NULL,NULL,NULL,NULL,NULL,NULL,NULL,NULL
"28","2025-01-08 16:46:20","test677e9dcc0ace98.27140782",NULL,NULL,"1","AmbiguousARC",NULL,NULL,"test677e9dcc0ace98.27140782","2009",NULL,NULL,NULL,NULL,NULL,NULL,NULL,NULL,NULL,NULL
"27","2025-01-08 16:44:13","test677e9d4ded3682.01404123",NULL,NULL,"1","AmbiguousARC",NULL,NULL,"test677e9d4ded3682.01404123","2009",NULL,NULL,NULL,NULL,NULL,NULL,NULL,NULL,NULL,NULL
"26","2025-01-07 14:49:49","prolific_sessionid_0o1y5dsrocgh_pid_677d30fde05c89.94814167",NULL,NULL,"1","AmbiguousARC",NULL,NULL,"prolific_studyid_UNSAVED-STUDY","2025",NULL,NULL,NULL,NULL,NULL,NULL,NULL,NULL,NULL,NULL
"25","2025-01-07 14:32:44","test677d2cfc339c28.49060097",NULL,NULL,"0","AmbiguousARC",NULL,NULL,"test677d2cfc339c28.49060097",NULL,NULL,NULL,NULL,NULL,NULL,NULL,NULL,NULL,NULL,NULL
"24","2025-01-07 14:04:50","test677d267223ce11.76585702",NULL,NULL,"1","AmbiguousARC",NULL,NULL,"test677d267223ce11.76585702","2025",NULL,NULL,NULL,NULL,NULL,NULL,NULL,NULL,NULL,NULL
"23","2024-12-21 17:13:28","test6766e928d85484.63416305",NULL,NULL,"1","AmbiguousARC",NULL,NULL,"test6766e928d85484.63416305","2024",NULL,NULL,NULL,NULL,NULL,NULL,NULL,NULL,NULL,NULL
